FK_NAME,PARENT_TABLE,PARENT_COLUMN,REFERENCED_TABLE,REFERENCED_COLUMN,PARENT_SCHEMA,REFERENCED_SCHEMA
FK_Users_ABtestResults_UserId,ABtestResults,UserId,Users,Id,dbo,dbo
FK_BackendMachines_ActionAudits_DstTemplateId,ActionAudits,DstTemplateId,BackendMachines,Id,dbo,dbo
FK_BackendMachines_ActionAudits_TemplateId,ActionAudits,TemplateId,BackendMachines,Id,dbo,dbo
FK_Contracts_ActionAudits_ContractId,ActionAudits,ContractId,Contracts,Id,dbo,dbo
FK_Courses_ActionAudits_CourseId,ActionAudits,CourseId,Courses,Id,dbo,dbo
FK_EnvironmentPolicies_ActionAudits_EnvironmentPolicyId,ActionAudits,EnvironmentPolicyId,EnvironmentPolicies,Id,dbo,dbo
FK_Envs_ActionAudits_EntAppEnvId,ActionAudits,EntAppEnvId,Envs,Id,dbo,dbo
FK_ExternalResourcesEnvPrototypeVersions_ActionAudits_ErvinId,ActionAudits,ErvinId,ExternalResourcesEnvPrototypeVersions,Id,dbo,dbo
FK_FastUploadFolders_ActionAudits_FolderId,ActionAudits,FolderId,FastUploadFolders,Id,dbo,dbo
FK_ProjectPrototypes_ActionAudits_ProjectPrototypeId,ActionAudits,ProjectPrototypeId,ProjectPrototypes,Id,dbo,dbo
FK_Projects_ActionAudits_ProjectId,ActionAudits,ProjectId,Projects,Id,dbo,dbo
FK_Students_ActionAudits_StudentId,ActionAudits,StudentId,Students,Id,dbo,dbo
FK_Users_ActionAudits_QuotaUserId,ActionAudits,QuotaUserId,Users,Id,dbo,dbo
FK_Users_ActionAudits_AlwaysOnUserId,ActionAudits,AlwaysOnUserId,Users,Id,dbo,dbo
FK_Users_ActionAudits_FormerRootUserId,ActionAudits,FormerRootUserId,Users,Id,dbo,dbo
FK_Users_ActionAudits_BlockedUserId,ActionAudits,BlockedUserId,Users,Id,dbo,dbo
FK_Users_ActionAudits_UserId,ActionAudits,UserId,Users,Id,dbo,dbo
FK_UsersProjects_ActionAudits_UserProjectId,ActionAudits,UserProjectId,UsersProjects,Id,dbo,dbo
FK_WebSessionAudits_ActionAudits_WebSessionAuditId,ActionAudits,WebSessionAuditId,WebSessionAudits,Id,dbo,dbo
FK_AudioVideoMeetings_AudioVideoAttendees_MeetingId,AudioVideoAttendees,AudioVideoMeetingId,AudioVideoMeetings,Id,dbo,dbo
FK_ExternalResourcesEnvPrototypeVersions_AwsAccountRuns_WervinId,AwsAccountRuns,WervinId,ExternalResourcesEnvPrototypeVersions,Id,dbo,dbo
FK_AwsAccountPools_AwsAccounts_AwsAccountPoolId,AwsAccounts,AwsAccountPoolId,AwsAccountPools,Id,dbo,dbo
FK_AwsAccountRuns_AwsAccounts_LatestAwsAccountRunId,AwsAccounts,LatestAwsAccountRunId,AwsAccountRuns,Id,dbo,dbo
FK_BackendEnvs_BackendEnvPreparationAudits_BackendEnvId,BackendEnvPreparationAudits,BackendEnvId,BackendEnvs,Id,dbo,dbo
FK_EnvRuns_BackendEnvPreparationAudits_EnvRunId,BackendEnvPreparationAudits,EnvRunId,EnvRuns,Id,dbo,dbo
FK_BackendMachineGroups_BackendEnvs_Id,BackendEnvs,Id,BackendMachineGroups,Id,dbo,dbo
FK_BackendPrototypeEnvs_BackendEnvs_BackendPrototypeEnvId,BackendEnvs,BackendPrototypeEnvId,BackendPrototypeEnvs,Id,dbo,dbo
FK_Courses_BackendEnvs_CourseId,BackendEnvs,CourseId,Courses,Id,dbo,dbo
FK_Envs_BackendEnvs_EnvId,BackendEnvs,EnvId,Envs,Id,dbo,dbo
FK_BackendEnvs_Regions_RegionId,BackendEnvs,RegionId,Regions,Id,dbo,dbo
FK_Prototypes_BackendMachineGroups_PrototypeId,BackendMachineGroups,PrototypeId,Prototypes,Id,dbo,dbo
FK_BackendMachines_BackendMachineRegionAmis_BackendAwsMachineId,BackendMachineRegionAmis,BackendAwsMachineId,BackendMachines,Id,dbo,dbo
FK_Regions_BackendMachineRegionAmis_RegionId,BackendMachineRegionAmis,RegionId,Regions,Id,dbo,dbo
FK_BackendMachineGroups_BackendMachines_BackendMachineGroupId,BackendMachines,BackendMachineGroupId,BackendMachineGroups,Id,dbo,dbo
FK_BackendMachines_BackendMachines_RepointToParentMachineId,BackendMachines,RepointToParentMachineId,BackendMachines,Id,dbo,dbo
FK_BackendMachines_BackendMachines_ParentMachineId,BackendMachines,ParentMachineId,BackendMachines,Id,dbo,dbo
FK_BackendMachines_BackendMachines_OriginalTemplateMachineId,BackendMachines,OriginalTemplateMachineId,BackendMachines,Id,dbo,dbo
FK_BackendMachines_BackendMachines_DeltaMachineId,BackendMachines,DeltaMachineId,BackendMachines,Id,dbo,dbo
FK_BackendMachines_IsoFileId,BackendMachines,IsoFileId,IsoFiles,Id,dbo,dbo
FK_MachineDomains_BackendMachines_DomainId,BackendMachines,DomainId,MachineDomains,Id,dbo,dbo
FK_Machines_BackendMachines_ActiveUIMachineId,BackendMachines,ActiveUIMachineId,Machines,Id,dbo,dbo
FK_Regions_BackendMachines_RegionId,BackendMachines,RegionId,Regions,Id,dbo,dbo
FK_TemplateVersions_BackendMachines_TemplateVersionId,BackendMachines,TemplateVersionId,TemplateVersions,Id,dbo,dbo
FK_IsoFiles_BackendNotifications_IsoFileId,BackendNotifications,IsoFileId,IsoFiles,Id,dbo,dbo
FK_Requests_BackendNotifications_ExportRequestId,BackendNotifications,ExportRequestId,Requests,Id,dbo,dbo
FK_Requests_BackendNotifications_SetSnapshotAsDefaultRequestId,BackendNotifications,SetSnapshotAsDefaultRequestId,Requests,Id,dbo,dbo
FK_Requests_BackendNotifications_ImportVirtualMachineRequestId,BackendNotifications,ImportVirtualMachineRequestId,Requests,Id,dbo,dbo
FK_BackendMachineGroups_BackendPrototypeEnvs_Id,BackendPrototypeEnvs,Id,BackendMachineGroups,Id,dbo,dbo
FK_Prototypes_BackendPrototypeRegionConfigs_PrototypeId,BackendPrototypeRegionConfigs,PrototypeId,Prototypes,Id,dbo,dbo
FK_Regions_BackendPrototypeRegionConfigs_RegionId,BackendPrototypeRegionConfigs,RegionId,Regions,Id,dbo,dbo
FK_VVisionLearnRequests_Checkpoints_VVisionLearnRequestId,Checkpoints,VVisionLearnRequestId,VVisionLearnRequests,Id,dbo,dbo
FK_Courses_ClassSponsoredLinks_CourseId,ClassSponsoredLinks,CourseId,Courses,Id,dbo,dbo
FK_Users_CloudshareIdentityVerificationMessages_UserId,CloudshareIdentityVerificationMessages,UserId,Users,Id,dbo,dbo
FK_Contracts_CloudshareResourcesQuotas_ContractId,CloudshareResourcesQuotas,ContractId,Contracts,Id,dbo,dbo
FK_Projects_CloudshareResourcesQuotas_ProjectId,CloudshareResourcesQuotas,ProjectId,Projects,Id,dbo,dbo
FK_ContentFolders_ContentFolderMemberships_ContentFolderId,ContentFolderMemberships,ContentFolderId,ContentFolders,Id,dbo,dbo
FK_Envs_ContentFolderMemberships_EnvId,ContentFolderMemberships,EnvId,Envs,Id,dbo,dbo
FK_Projects_ContentFolders_ProjectId,ContentFolders,ProjectId,Projects,Id,dbo,dbo
FK_Users_ContentFolders_UserId,ContentFolders,UserId,Users,Id,dbo,dbo
FK_AwsAccountPools_Contracts_AwsAccountPoolId,Contracts,AwsAccountPoolId,AwsAccountPools,Id,dbo,dbo
FK_ContractsTerms_Contracts_ContractTermsId,Contracts,ContractTermsId,ContractsTerms,Id,dbo,dbo
FK_Contracts_LmsIntegrations_LmsIntegrationId,Contracts,LmsIntegrationId,LmsIntegrations,Id,dbo,dbo
FK_Contracts_Contracts_Projects_ContractId,Contracts_Projects,ContractId,Contracts,Id,dbo,dbo
FK_Projects_Contracts_Projects_ProjectId,Contracts_Projects,ProjectId,Projects,Id,dbo,dbo
FK_Contracts_Contracts_Users_ContractId,Contracts_Users,ContractId,Contracts,Id,dbo,dbo
FK_Users_Contracts_Users_UserId,Contracts_Users,UserId,Users,Id,dbo,dbo
FK_Courses_CourseMeetings_CourseId,CourseMeetings,CourseId,Courses,Id,dbo,dbo
FK_Courses_CourseRegions_CourseId,CourseRegions,CourseId,Courses,Id,dbo,dbo
FK_Regions_CourseRegions_RegionId,CourseRegions,RegionId,Regions,Id,dbo,dbo
FK_Courses_Courses_OriginalCourseId,Courses,OriginalCourseId,Courses,Id,dbo,dbo
FK_EnvironmentPolicies_Courses_EnvironmentPolicyId,Courses,EnvironmentPolicyId,EnvironmentPolicies,Id,dbo,dbo
FK_Instructors_Courses_BillingInstructorId,Courses,LeadInstructorId,Instructors,Id,dbo,dbo
FK_ProjectTeams_Courses_TeamId,Courses,TeamId,ProjectTeams,Id,dbo,dbo
FK_Prototypes_Courses_PrototypeId,Courses,PrototypeId,Prototypes,Id,dbo,dbo
FK_Regions_Courses_RegionId,Courses,RegionId,Regions,Id,dbo,dbo
FK_SsoConnectors_Courses_SsoConnectorId,Courses,SsoConnectorId,SsoConnectors,Id,dbo,dbo
FK_Users_Courses_CreatorId,Courses,CreatorId,Users,Id,dbo,dbo
FK_Courses_CourseStages_CourseId,CourseStages,CourseId,Courses,Id,dbo,dbo
FK_Prototypes_CourseStages_PrototypeId,CourseStages,PrototypeId,Prototypes,Id,dbo,dbo
FK_Projects_CustomEmails_ProjectId,CustomEmails,ProjectId,Projects,Id,dbo,dbo
FK_TrainingSettings_CustomFieldDefinitions_TrainingSettingsId,CustomFieldDefinitions,TrainingSettingsId,TrainingSettings,Id,dbo,dbo
FK_Courses_CustomFieldValues_CourseId,CustomFieldValues,CourseId,Courses,Id,dbo,dbo
FK_CustomFieldDefinitions_CustomFieldValues_CustomFieldDefinitionId,CustomFieldValues,CustomFieldDefinitionId,CustomFieldDefinitions,Id,dbo,dbo
FK_Envs_DeleteEnvRequests_EnvId,DeleteEnvRequests,EnvId,Envs,Id,dbo,dbo
FK_Contracts_DeprovisionSteps_ContractId,DeprovisionSteps,ContractId,Contracts,Id,dbo,dbo
FK_EnvOperationAudits_EditMachineOperationsAdditionalData_EditMachinesOperationAuditId,EditMachineOperationsAdditionalData,EditMachinesOperationAuditId,EnvOperationAudits,Id,dbo,dbo
FK_ViewerCustomizations_EndUserLoginCustomizations_CustomizationId,EndUserLoginCustomizations,ViewerCustomizationId,ViewerCustomizations,Id,dbo,dbo
FK_Courses_EndUsersAccessPermissions_CourseId,EndUsersAccessPermissions,CourseId,Courses,Id,dbo,dbo
FK_Projects_EndUsersAccessPermissions_ProjectId,EndUsersAccessPermissions,ProjectId,Projects,Id,dbo,dbo
FK_EnvironmentPolicies_EnvBillingOperations_EnvironmentPolicyId,EnvBillingOperations,EnvironmentPolicyId,EnvironmentPolicies,Id,dbo,dbo
FK_Envs_EnvBillingOperations_EntAppEnvId,EnvBillingOperations,EntAppEnvId,Envs,Id,dbo,dbo
FK_Projects_EnvironmentPolicies_ProjectId,EnvironmentPolicies,ProjectId,Projects,Id,dbo,dbo
FK_UsersProjects_EnvironmentPolicies_DefaultOwningSEId,EnvironmentPolicies,DefaultOwningSEId,UsersProjects,Id,dbo,dbo
FK_Envs_EnvOperationAudits_EnvId,EnvOperationAudits,EnvId,Envs,Id,dbo,dbo
FK_Machines_EnvOperationAudits_MachineId,EnvOperationAudits,MachineId,Machines,Id,dbo,dbo
FK_PrototypeVersions_EnvOperationAudits_PrototypeVersionId,EnvOperationAudits,PrototypeVersionId,PrototypeVersions,Id,dbo,dbo
FK_Requests_EnvOperationAudits_ResetMachineRequestId,EnvOperationAudits,ResetMachineRequestId,Requests,Id,dbo,dbo
FK_Requests_EnvOperationAudits_AddMachineRequestId,EnvOperationAudits,AddMachineRequestId,Requests,Id,dbo,dbo
FK_Requests_EnvOperationAudits_RemoveMachineRequestId,EnvOperationAudits,RemoveMachineRequestId,Requests,Id,dbo,dbo
FK_WebSessionAudits_EnvOperationAudits_WebSessionAuditId,EnvOperationAudits,WebSessionAuditId,WebSessionAudits,Id,dbo,dbo
FK_Envs_EnvResourceAudits_EnvId,EnvResourceAudits,EnvId,Envs,Id,dbo,dbo
FK_Envs_EnvRuns_EnvId,EnvRuns,EnvId,Envs,Id,dbo,dbo
FK_WebSessionAudits_EnvRuns_WebSessionAuditId,EnvRuns,WebSessionAuditId,WebSessionAudits,Id,dbo,dbo
FK_BackendEnvs_Envs_ActiveBackendEnvId,Envs,ActiveBackendEnvId,BackendEnvs,Id,dbo,dbo
FK_Courses_Envs_CourseId,Envs,CourseId,Courses,Id,dbo,dbo
FK_EnvironmentPolicies_Envs_LatestEnvironmentPolicyId,Envs,LatestEnvironmentPolicyId,EnvironmentPolicies,Id,dbo,dbo
FK_EnvRuns_Envs_LatestEnvRunId,Envs,LatestEnvRunId,EnvRuns,Id,dbo,dbo
FK_ProjectTeams_Envs_TeamId,Envs,TeamId,ProjectTeams,Id,dbo,dbo
FK_Prototypes_Envs_PrototypeId,Envs,PrototypeId,Prototypes,Id,dbo,dbo
FK_PrototypeVersions_Envs_ParentPrototypeVersionForMachinesId,Envs,ParentPrototypeVersionForMachinesId,PrototypeVersions,Id,dbo,dbo
FK_PrototypeVersions_Envs_ParentPrototypeVersionForUiId,Envs,ParentPrototypeVersionForUiId,PrototypeVersions,Id,dbo,dbo
FK_Regions_Envs_RegionId,Envs,RegionId,Regions,Id,dbo,dbo
FK_Users_Envs_OwnerId,Envs,OwnerId,Users,Id,dbo,dbo
FK_UsersProjects_Envs_UserProjectId,Envs,UserProjectId,UsersProjects,Id,dbo,dbo
FK_WebSessionAudits_Envs_WebSessionAuditId,Envs,WebSessionAuditId,WebSessionAudits,Id,dbo,dbo
FK_Prototypes_EnvTemplates_EntAppPrototypeId,EnvTemplates,EntAppPrototypeId,Prototypes,Id,dbo,dbo
FK_Envs_EnvUserRoles_EnvId,EnvUserRoles,EnvId,Envs,Id,dbo,dbo
FK_Users_EnvUserRoles_UserId,EnvUserRoles,UserId,Users,Id,dbo,dbo
FK_Contracts_ExternalCloudCredentials_ContractId,ExternalCloudCredentials,ContractId,Contracts,Id,dbo,dbo
FK_ExternalClouds_ExternalCloudCredentials_ExternalCloudId,ExternalCloudCredentials,ExternalCloudId,ExternalClouds,Id,dbo,dbo
FK_ExternalCloudsCreateScripts_ExternalClouds_ExternalCloudId,ExternalCloudsCreateScripts,ExternalCloudId,ExternalClouds,Id,dbo,dbo
FK_ExternalCloudPermissions_Project_ProjectId,ExternalCloudsCreateScripts,ProjectId,Projects,Id,dbo,dbo
FK_ExternalCloudsCreateScripts_Project_ProjectId,ExternalCloudsCreateScripts,ProjectId,Projects,Id,dbo,dbo
FK_ExternalClouds_ExternalCloudVms_ExternalCloudId,ExternalCloudVms,ExternalCloudId,ExternalClouds,Id,dbo,dbo
FK_ExternalResourcesEnvPrototypeVersions_ExternalCloudVms_ExternalResourcesEnvPrototypeVersionId,ExternalCloudVms,ExternalResourcesEnvPrototypeVersionId,ExternalResourcesEnvPrototypeVersions,Id,dbo,dbo
FK_AwsAccountRuns_ExternalResourcesEnvPrototypeVersions_AwsAccountRunId,ExternalResourcesEnvPrototypeVersions,AwsAccountRunId,AwsAccountRuns,Id,dbo,dbo
FK_AwsAccounts_ExternalResourcesEnvPrototypeVersions_AwsAccountId,ExternalResourcesEnvPrototypeVersions,AwsAccountId,AwsAccounts,Id,dbo,dbo
FK_Courses_ExternalResourcesEnvPrototypeVersions_CourseId,ExternalResourcesEnvPrototypeVersions,CourseId,Courses,Id,dbo,dbo
FK_Envs_ExternalResourcesEnvPrototypeVersions_EntAppEnvId,ExternalResourcesEnvPrototypeVersions,EntAppEnvId,Envs,Id,dbo,dbo
FK_ExternalClouds_ExternalResourcesEnvPrototypeVersions_ExternalCloudId,ExternalResourcesEnvPrototypeVersions,ExternalCloudId,ExternalClouds,Id,dbo,dbo
FK_ExternalCloudsCreateScripts_ExternalResourcesEnvPrototypeVersions_ExternalCloudsCreateScriptId,ExternalResourcesEnvPrototypeVersions,ExternalCloudsCreateScriptId,ExternalCloudsCreateScripts,Id,dbo,dbo
FK_PrototypeVersions_ExternalResourcesEnvPrototypeVersions_PrototypeVersionId,ExternalResourcesEnvPrototypeVersions,PrototypeVersionId,PrototypeVersions,Id,dbo,dbo
FK_ExternalResourcesParameters_Courses_CourseId,ExternalResourcesParameters,CourseId,Courses,Id,dbo,dbo
FK_ExternalResourcesParameters_Invitations_InvitationId,ExternalResourcesParameters,InvitationId,Invitations,Id,dbo,dbo
FK_Contracts_ExternalResourcesQuotas_ContractId,ExternalResourcesQuotas,ContractId,Contracts,Id,dbo,dbo
FK_Projects_ExternalResourcesQuotas_ProjectId,ExternalResourcesQuotas,ProjectId,Projects,Id,dbo,dbo
FK_BackendMachines_FastUploadFolders_SourceTemplateMachineId,FastUploadFolders,SourceTemplateMachineId,BackendMachines,Id,dbo,dbo
FK_BackendMachines_FastUploadFolders_LastImportedTemplateMachineId,FastUploadFolders,LastImportedTemplateMachineId,BackendMachines,Id,dbo,dbo
FK_Users_FastUploadFolders_UserId,FastUploadFolders,UserId,Users,Id,dbo,dbo
FK_Users_FinishedWelcomeTours_UserId,FinishedWelcomeTours,UserId,Users,Id,dbo,dbo
FK_OsFamily_GuestOsIdentifier_OsFamilyId,GuestOsIdentifiers,OsFamilyId,OsFamilies,Id,dbo,dbo
FK_VmwareApiVersion_GuestOsIdentifier_VmwareApiVersionId,GuestOsIdentifiers,VmwareApiVersionId,VmwareApiVersions,Id,dbo,dbo
FK_GuidedJourneys_GuidedJourneyChapters_GuidedJourneyId,GuidedJourneyChapters,GuidedJourneyId,GuidedJourneys,Id,dbo,dbo
FK_GuidedJourneys_GuidedJourneySectionProgresses_GuidedJourneyId,GuidedJourneySectionProgresses,GuidedJourneyId,GuidedJourneys,Id,dbo,dbo
FK_GuidedJourneySections_GuidedJourneySectionProgresses_GuidedJourneySectionId,GuidedJourneySectionProgresses,GuidedJourneySectionId,GuidedJourneySections,Id,dbo,dbo
FK_ViewerPages_GuidedJourneySectionProgresses_ViewerPageId,GuidedJourneySectionProgresses,ViewerGuidedJourneyPageId,ViewerPages,Id,dbo,dbo
FK_Checkpoints_GuidedJourneySections_ActiveCheckpointId,GuidedJourneySections,ActiveCheckpointId,Checkpoints,Id,dbo,dbo
FK_GuidedJourneyChapters_GuidedJourneySections_GuidedJourneyChapterId,GuidedJourneySections,GuidedJourneyChapterId,GuidedJourneyChapters,Id,dbo,dbo
FK_GuidedJourneys_GuidedJourneySections_GuidedJourneyId,GuidedJourneySections,GuidedJourneyId,GuidedJourneys,Id,dbo,dbo
FK_Courses_Instructors_CourseId,Instructors,CourseId,Courses,Id,dbo,dbo
FK_UsersProjects_Instructors_VendorUserProjectId,Instructors,VendorUserProjectId,UsersProjects,Id,dbo,dbo
FK_ClassSponsoredLinks_Invitations_ClassSponsoredLinkId,Invitations,ClassSponsoredLinkId,ClassSponsoredLinks,Id,dbo,dbo
FK_EnvironmentPolicies_Invitations_EnvironmentPolicyId,Invitations,EnvironmentPolicyId,EnvironmentPolicies,Id,dbo,dbo
FK_Envs_Invitations_ForEnvId,Invitations,ForEnvId,Envs,Id,dbo,dbo
FK_Envs_Invitations_CreatedEnvId,Invitations,CreatedEnvId,Envs,Id,dbo,dbo
FK_Envs_Invitations_AcceptedByCsEnvId,Invitations,AcceptedByCsEnvId,Envs,Id,dbo,dbo
FK_EnvUserRoles_Invitations_AcceptedByEnvUserRoleId,Invitations,AcceptedByEnvUserRoleId,EnvUserRoles,Id,dbo,dbo
FK_ProjectPrototypes_Invitations_ProjectPrototypeId,Invitations,ProjectPrototypeId,ProjectPrototypes,Id,dbo,dbo
FK_ProjectTeams_Invitations_VendorId,Invitations,VendorId,ProjectTeams,Id,dbo,dbo
FK_ProjectTeams_Invitations_ProjectTeamId,Invitations,ProjectTeamId,ProjectTeams,Id,dbo,dbo
FK_Prototypes_Invitations_ForPrototypeId,Invitations,ForPrototypeId,Prototypes,Id,dbo,dbo
FK_Regions_Invitations_RegionId,Invitations,RegionId,Regions,Id,dbo,dbo
FK_Users_Invitations_AcceptedByUserId,Invitations,AcceptedByUserId,Users,Id,dbo,dbo
FK_Users_Invitations_SentByUserId,Invitations,SentByUserId,Users,Id,dbo,dbo
FK_UsersProjects_Invitations_AcceptedByVupId,Invitations,AcceptedByVupId,UsersProjects,Id,dbo,dbo
FK_UsersProjects_Invitations_AcceptedByEupId,Invitations,AcceptedByEupId,UsersProjects,Id,dbo,dbo
FK_UsersProjects_Invitations_OwningSEId,Invitations,OwningSEId,UsersProjects,Id,dbo,dbo
FK_IsoFiles_IsoFileRegions_IsoFileId,IsoFileRegions,IsoFileId,IsoFiles,Id,dbo,dbo
FK_Regions_IsoFileRegions_RegionId,IsoFileRegions,RegionId,Regions,Id,dbo,dbo
FK_Users_IsoFiles_UserId,IsoFiles,UserId,Users,Id,dbo,dbo
FK_IsoFiles_IsoFiles_Projects_IsoFileId,IsoFiles_Projects,IsoFileId,IsoFiles,Id,dbo,dbo
FK_Projects_IsoFiles_Projects_ProjectId,IsoFiles_Projects,ProjectId,Projects,Id,dbo,dbo
FK_JobTypes_Jobs_TypeId,Jobs,TypeId,JobTypes,Id,dbo,dbo
FK_Stages_Jobs_StageId,Jobs,StageId,Stages,Id,dbo,dbo
FK_JobTypes_JobTypesParameters_JobTypeId,JobTypesParameters,JobTypeId,JobTypes,Id,dbo,dbo
FK_Courses_LtiConfigurations_CourseId,LtiConfigurations,CourseId,Courses,Id,dbo,dbo
FK_BackendMachines_MachineDomains_DomainControllerId,MachineDomains,DomainControllerId,BackendMachines,Id,dbo,dbo
FK_BackendMachines_Machines_BackendMachineId,Machines,BackendMachineId,BackendMachines,Id,dbo,dbo
FK_Envs_Machines_EnvId,Machines,EnvId,Envs,Id,dbo,dbo
FK_PrototypeVersions_Machines_PrototypeVersionId,Machines,PrototypeVersionId,PrototypeVersions,Id,dbo,dbo
FK_Machine_LastIsoFileMachineRequestId,Machines,LastIsoFileMachineRequestId,Requests,Id,dbo,dbo
FK_Requests_Machines_AddMachineRequestId,Machines,AddMachineRequestId,Requests,Id,dbo,dbo
FK_BackendMachines_MachineScriptRuns_MachineId,MachineScriptRuns,MachineId,BackendMachines,Id,dbo,dbo
FK_Machines_MachineScriptRuns_UIMachineId,MachineScriptRuns,UIMachineId,Machines,Id,dbo,dbo
FK_BackendMachines_MachineUsers_MachineId,MachineUsers,MachineId,BackendMachines,Id,dbo,dbo
FK_MachineDomains_MachineUsers_DomainId,MachineUsers,DomainId,MachineDomains,Id,dbo,dbo
FK_Machines_MachineVanityNames_MachineId,MachineVanityNames,MachineId,Machines,Id,dbo,dbo
FK_BackendMachines_NetAdapters_BackendMachineId,NetAdapters,BackendMachineId,BackendMachines,Id,dbo,dbo
FK_Networks_NetAdapters_NetworkId,NetAdapters,NetworkId,Networks,Id,dbo,dbo
FK_Regions_NetAdapters_RegionId,NetAdapters,RegionId,Regions,Id,dbo,dbo
FK_BackendMachineGroups_Networks_BackendMachineGroupId,Networks,BackendMachineGroupId,BackendMachineGroups,Id,dbo,dbo
FK_Networks_Networks_ExternalNetworkId,Networks,ExternalNetworkId,Networks,Id,dbo,dbo
FK_Regions_Networks_RegionId,Networks,RegionId,Regions,Id,dbo,dbo
FK_EnvironmentPolicies_Permalinks_EnvironmentPolicyId,Permalinks,EnvironmentPolicyId,EnvironmentPolicies,Id,dbo,dbo
FK_Projects_Permalinks_ProjectId,Permalinks,ProjectId,Projects,Id,dbo,dbo
FK_PrototypeVersions_Permalinks_PrototypeVersionId,Permalinks,PrototypeVersionId,PrototypeVersions,Id,dbo,dbo
FK_Regions_Permalinks_RegionId,Permalinks,RegionId,Regions,Id,dbo,dbo
FK_Projects_Pipelines_ProjectId,Pipelines,ProjectId,Projects,Id,dbo,dbo
FK_Users_Pipelines_OwnerId,Pipelines,OwnerId,Users,Id,dbo,dbo
FK_Pipelines_PipelinesInstances_PipelineId,PipelinesInstances,PipelineId,Pipelines,Id,dbo,dbo
FK_StagesInstances_PipelinesInstances_CurrentStageInstanceId,PipelinesInstances,CurrentStageInstanceId,StagesInstances,Id,dbo,dbo
FK_Users_PipelinesInstances_ExecutorId,PipelinesInstances,ExecutorId,Users,Id,dbo,dbo
FK_ProjectsFlags_ProjectIpRestrictions_ProjectFlagsId,ProjectIpRestrictions,ProjectFlagsId,ProjectsFlags,Id,dbo,dbo
FK_Projects_ProjectPrototypes_ProjectId,ProjectPrototypes,ProjectId,Projects,Id,dbo,dbo
FK_Prototypes_ProjectPrototypes_PrototypeId,ProjectPrototypes,PrototypeId,Prototypes,Id,dbo,dbo
FK_Contracts_Projects_LatestContractId,Projects,LatestContractId,Contracts,Id,dbo,dbo
FK_ProjectsFlags_Projects_ProjectFlagsId,Projects,ProjectFlagsId,ProjectsFlags,Id,dbo,dbo
FK_SharedEnvMemberships_Projects_SharedEnvMemId,Projects,SharedEnvMemId,SharedEnvMemberships,Id,dbo,dbo
FK_TrainingSettings_Projects_TrainingSettingsId,Projects,TrainingSettingsId,TrainingSettings,Id,dbo,dbo
FK_Users_Projects_CreatorId,Projects,CreatorId,Users,Id,dbo,dbo
FK_Projects_ProjectsFeatureFlags_ProjectId,ProjectsFeatureFlags,ProjectId,Projects,Id,dbo,dbo
FK_Projects_ProjectTeams_ProjectId,ProjectTeams,ProjectId,Projects,Id,dbo,dbo
FK_ProjectPrototypes_Prototypes_BillingProjectPrototypeId,Prototypes,BillingProjectPrototypeId,ProjectPrototypes,Id,dbo,dbo
FK_PrototypeVersions_Prototypes_DefaultVersionId,Prototypes,DefaultVersionId,PrototypeVersions,Id,dbo,dbo
FK_Users_Prototypes_OwnerId,Prototypes,OwnerId,Users,Id,dbo,dbo
FK_BackendPrototypeEnvs_PrototypeVersions_BackendPrototypeEnvId,PrototypeVersions,BackendPrototypeEnvId,BackendPrototypeEnvs,Id,dbo,dbo
FK_Envs_PrototypeVersions_CreatedByEnvId,PrototypeVersions,CreatedByEnvId,Envs,Id,dbo,dbo
FK_Prototypes_PrototypeVersions_PrototypeId,PrototypeVersions,PrototypeId,Prototypes,Id,dbo,dbo
FK_PrototypeVersions_PrototypeVersions_ParentPrototypeVersionForUiId,PrototypeVersions,ParentPrototypeVersionForUiId,PrototypeVersions,Id,dbo,dbo
FK_PrototypeVersions_PrototypeVersions_ParentPrototypeVersionForMachinesId,PrototypeVersions,ParentPrototypeVersionForMachinesId,PrototypeVersions,Id,dbo,dbo
FK_Users_PrototypeVersions_Version_AuthorId,PrototypeVersions,Version_AuthorId,Users,Id,dbo,dbo
FK_BackendPrototypeEnvs_PrototypeVersionsRegions_BackendPrototypeEnvId,PrototypeVersionsRegions,BackendPrototypeEnvId,BackendPrototypeEnvs,Id,dbo,dbo
FK_PrototypeVersions_PrototypesVersionsRegions_PrototypeVersionId,PrototypeVersionsRegions,PrototypeVersionId,PrototypeVersions,Id,dbo,dbo
FK_Regions_PrototypesVersionsRegions_RegionId,PrototypeVersionsRegions,RegionId,Regions,Id,dbo,dbo
FK_Users_RemoteAccessSettings_UserId,RemoteAccessSettings,UserId,Users,Id,dbo,dbo
FK_BackendEnvs_Requests_BackendEnvToRemoveId,Requests,BackendEnvToRemoveId,BackendEnvs,Id,dbo,dbo
FK_BackendEnvs_Requests_BackendEnvId,Requests,BackendEnvId,BackendEnvs,Id,dbo,dbo
FK_BackendEnvs_Requests_BackendEnvToSuspendId,Requests,BackendEnvToSuspendId,BackendEnvs,Id,dbo,dbo
FK_BackendEnvs_Requests_NewBackendEnvId,Requests,NewBackendEnvId,BackendEnvs,Id,dbo,dbo
FK_BackendMachines_Requests_RequestedMachineId,Requests,RequestedMachineId,BackendMachines,Id,dbo,dbo
FK_BackendMachines_Requests_SourceBackendMachineId,Requests,SourceBackendMachineId,BackendMachines,Id,dbo,dbo
FK_BackendMachines_Requests_BackendMachineId,Requests,BackendMachineId,BackendMachines,Id,dbo,dbo
FK_BackendMachines_Requests_ImportIntoExistingBackendMachineId,Requests,ImportIntoExistingBackendMachineId,BackendMachines,Id,dbo,dbo
FK_BackendPrototypeEnvs_Requests_BackendPrototypeEnvId,Requests,BackendPrototypeEnvId,BackendPrototypeEnvs,Id,dbo,dbo
FK_ContentFolderMemberships_Requests_ContentFolderMembershipToDeleteId,Requests,ContentFolderMembershipToDeleteId,ContentFolderMemberships,Id,dbo,dbo
FK_ContentFolderMemberships_Requests_ContentFolderMembershipToCreateId,Requests,ContentFolderMembershipToCreateId,ContentFolderMemberships,Id,dbo,dbo
FK_Courses_Requests_CourseId,Requests,CourseId,Courses,Id,dbo,dbo
FK_EnvRuns_Requests_EnvRunId,Requests,EnvRunId,EnvRuns,Id,dbo,dbo
FK_Envs_Requests_EnvId,Requests,EnvId,Envs,Id,dbo,dbo
FK_Requests_IsoFileId,Requests,IsoFileId,IsoFiles,Id,dbo,dbo
FK_MachineInstanceTypes_Requests_InstanceTypeId,Requests,InstanceTypeId,MachineInstanceTypes,Id,dbo,dbo
FK_Machines_Requests_ExportedMachineId,Requests,ExportedMachineId,Machines,Id,dbo,dbo
FK_Machines_Requests_UIMachineId,Requests,UIMachineId,Machines,Id,dbo,dbo
FK_MachineScriptRuns_Requests_MachineScriptRunToCreateId,Requests,MachineScriptRunToCreateId,MachineScriptRuns,Id,dbo,dbo
FK_MachineVanityNames_Requests_MachineVanityNameToDeleteId,Requests,MachineVanityNameToDeleteId,MachineVanityNames,Id,dbo,dbo
FK_MachineVanityNames_Requests_MachineVanityNameToCreateId,Requests,MachineVanityNameToCreateId,MachineVanityNames,Id,dbo,dbo
FK_Projects_Requests_ProToEntSelectedProjectId,Requests,ProToEntSelectedProjectId,Projects,Id,dbo,dbo
FK_Prototypes_Requests_PrototypeId,Requests,PrototypeId,Prototypes,Id,dbo,dbo
FK_Prototypes_Requests_OriginalPrototypeId,Requests,OriginalPrototypeId,Prototypes,Id,dbo,dbo
FK_PrototypeVersions_Requests_PrototypeVersionId,Requests,PrototypeVersionId,PrototypeVersions,Id,dbo,dbo
FK_PrototypeVersions_Requests_PrototypeVersionToDeleteId,Requests,PrototypeVersionToDeleteId,PrototypeVersions,Id,dbo,dbo
FK_PrototypeVersions_Requests_PrototypeVersionToTakeBpeFromId,Requests,PrototypeVersionToTakeBpeFromId,PrototypeVersions,Id,dbo,dbo
FK_PrototypeVersionsRegions_Requests_PrototypeVersionRegionId,Requests,TargetPrototypeVersionRegionId,PrototypeVersionsRegions,Id,dbo,dbo
FK_Regions_Requests_RegionId,Requests,RegionId,Regions,Id,dbo,dbo
FK_Requests_Regions_TargetRegionId,Requests,TargetRegionId,Regions,Id,dbo,dbo
FK_Requests_Regions_SourceRegionId,Requests,SourceRegionId,Regions,Id,dbo,dbo
FK_Requests_Requests_StartAfterRequestNewId,Requests,StartAfterRequestNewId,Requests,Id,dbo,dbo
FK_Requests_Requests_OriginalRequestId,Requests,OriginalRequestId,Requests,Id,dbo,dbo
FK_Requests_Requests_StartAfterRequestId,Requests,StartAfterRequestId,Requests,Id,dbo,dbo
FK_Requests_Requests_AddMachineRequestId,Requests,AddMachineRequestId,Requests,Id,dbo,dbo
FK_Requests_TemplateVersions_TemplateVersionId,Requests,TemplateVersionId,TemplateVersions,Id,dbo,dbo
FK_TemplateVersionsRegions_Requests_TemplateVersionRegionId,Requests,TargetTemplateVersionRegionId,TemplateVersionsRegions,Id,dbo,dbo
FK_Users_Requests_UserId,Requests,UserId,Users,Id,dbo,dbo
FK_Envs_SharedEnvMemberships_SharedEnvironmentId,SharedEnvMemberships,SharedEnvironmentId,Envs,Id,dbo,dbo
FK_Networks_SharedEnvMemberships_DefaultNetworkId,SharedEnvMemberships,DefaultNetworkId,Networks,Id,dbo,dbo
FK_Envs_SharedEnvMemSubEnvs_SubEnvId,SharedEnvMemSubEnvs,SubEnvId,Envs,Id,dbo,dbo
FK_SharedEnvMemberships_SharedEnvMemSubEnvs_SharedMembershipId,SharedEnvMemSubEnvs,SharedMembershipId,SharedEnvMemberships,Id,dbo,dbo
FK_NetAdapters_SharedNetworkNetAdapters_NetAdapterId,SharedNetworkNetAdapters,NetAdapterId,NetAdapters,Id,dbo,dbo
FK_Networks_SharedNetworkNetAdapters_SharedNetworkId,SharedNetworkNetAdapters,SharedNetworkId,Networks,Id,dbo,dbo
FK_Courses_SlackWebhooks_CourseId,SlackWebhooks,CourseId,Courses,Id,dbo,dbo
FK_Users_SlackWebhooks_CreatorId,SlackWebhooks,CreatorId,Users,Id,dbo,dbo
FK_Envs_SponsoredEnvTokens_EnvId,SponsoredEnvTokens,EnvId,Envs,Id,dbo,dbo
FK_Contracts_SsoConnectors_ContractId,SsoConnectors,ContractId,Contracts,Id,dbo,dbo
FK_Projects_SsoConnectors_Projects_ProjectId,SsoConnectors_Projects,ProjectId,Projects,Id,dbo,dbo
FK_SsoConnectors_SsoConnectors_Projects_SsoConnectorId,SsoConnectors_Projects,SsoConnectorId,SsoConnectors,Id,dbo,dbo
FK_Pipelines_Stages_PipelineId,Stages,PipelineId,Pipelines,Id,dbo,dbo
FK_PipelinesInstances_StagesInstances_PipelineInstanceId,StagesInstances,PipelineInstanceId,PipelinesInstances,Id,dbo,dbo
FK_Stages_StagesInstances_StageId,StagesInstances,StageId,Stages,Id,dbo,dbo
FK_Users_StagesInstances_ApprovedByUserId,StagesInstances,ApprovedByUserId,Users,Id,dbo,dbo
FK_Projects_StorageSettingsProjects_ProjectId,StorageSettingsProjects,ProjectId,Projects,Id,dbo,dbo
FK_StorageSettings_StorageSettingsProjects_StorageSettingId,StorageSettingsProjects,StorageSettingId,StorageSettings,Id,dbo,dbo
FK_Courses_Students_CourseId,Students,CourseId,Courses,Id,dbo,dbo
FK_CourseStages_Students_CourseStageId,Students,CourseStageId,CourseStages,Id,dbo,dbo
FK_Envs_Students_LatestCreatedEnvId,Students,LatestCreatedEnvId,Envs,Id,dbo,dbo
FK_TemplateVersions_Templates_DefaultVersionId,Templates,DefaultVersionId,TemplateVersions,Id,dbo,dbo
FK_BackendMachines_TemplateVersions_MachineId,TemplateVersions,MachineId,BackendMachines,Id,dbo,dbo
FK_Templates_TemplateVersions_TemplateId,TemplateVersions,TemplateId,Templates,Id,dbo,dbo
FK_BackendMachines_TemplateVersionsRegions_BackendMachineId,TemplateVersionsRegions,BackendMachineId,BackendMachines,Id,dbo,dbo
FK_Regions_TemplateVersionsRegions_RegionId,TemplateVersionsRegions,RegionId,Regions,Id,dbo,dbo
FK_TemplateVersions_TemplateVersionsRegions_TemplateVersionId,TemplateVersionsRegions,TemplateVersionId,TemplateVersions,Id,dbo,dbo
FK_Requests_TransferJobs_RemoteCloudStorageCopyRequestId,TransferJobs,RemoteCloudStorageCopyRequestId,Requests,Id,dbo,dbo
FK_StorageSettings_TransferJobs_StorageSettingId,TransferJobs,StorageSettingId,StorageSettings,Id,dbo,dbo
FK_Users_TransferJobs_UserId,TransferJobs,UserId,Users,Id,dbo,dbo
FK_Requests_TransferJobsCloudStorageCopyRequests_RemoteCloudStorageCopyRequestId,TransferJobsCloudStorageCopyRequests,RemoteCloudStorageCopyRequestId,Requests,Id,dbo,dbo
FK_TransferJobs_TransferJobsCloudStorageCopyRequests_TransferJobId,TransferJobsCloudStorageCopyRequests,TransferJobId,TransferJobs,Id,dbo,dbo
FK_Users_TransferJobsCloudStorageCopyRequests_UserId,TransferJobsCloudStorageCopyRequests,UserId,Users,Id,dbo,dbo
FK_Envs_UserEnvStudents_EnvId,UserEnvStudents,EnvId,Envs,Id,dbo,dbo
FK_Students_UserEnvStudents_StudentId,UserEnvStudents,StudentId,Students,Id,dbo,dbo
FK_Users_UserEnvStudents_UserId,UserEnvStudents,UserId,Users,Id,dbo,dbo
FK_Users_UserFavorites_UserId,UserFavorites,UserId,Users,Id,dbo,dbo
FK_Users_UserFeatureViews_UserId,UserFeatureViews,UserId,Users,Id,dbo,dbo
FK_Requests_UserNotifications_CloudFolderRequestId,UserNotifications,CloudFolderRequestId,Requests,Id,dbo,dbo
FK_Requests_UserNotifications_EnvRequestId,UserNotifications,EnvRequestId,Requests,Id,dbo,dbo
FK_Users_UserNotifications_UserId,UserNotifications,UserId,Users,Id,dbo,dbo
FK_Users_UserOAuthAccessTokens_UserId,UserOAuthAccessTokens,UserId,Users,Id,dbo,dbo
FK_UsersProjects_Users_BillingUserProjectId,Users,BillingUserProjectId,UsersProjects,Id,dbo,dbo
FK_EnvironmentPolicies_UsersProjects_EnvironmentPolicyId,UsersProjects,EnvironmentPolicyId,EnvironmentPolicies,Id,dbo,dbo
FK_ProjectPrototypes_UsersProjects_ProjectPrototypeId,UsersProjects,ProjectPrototypeId,ProjectPrototypes,Id,dbo,dbo
FK_Projects_UsersProjects_ProjectId,UsersProjects,ProjectId,Projects,Id,dbo,dbo
FK_ProjectTeams_UsersProjects_VendorId,UsersProjects,VendorId,ProjectTeams,Id,dbo,dbo
FK_Users_UsersProjects_UserId,UsersProjects,UserId,Users,Id,dbo,dbo
FK_UsersProjects_UsersProjects_OwningSEId,UsersProjects,OwningSEId,UsersProjects,Id,dbo,dbo
FK_Projects_UsersProjectsDefaultTeam_ProjectId,UsersProjectsDefaultTeams,ProjectId,Projects,Id,dbo,dbo
FK_ProjectTeams_UsersProjectsDefaultTeam_DefaultTeamId,UsersProjectsDefaultTeams,DefaultTeamId,ProjectTeams,Id,dbo,dbo
FK_Users_UsersProjectsDefaultTeam_UserId,UsersProjectsDefaultTeams,UserId,Users,Id,dbo,dbo
FK_GuidedJourneys_ViewerPages_GuidedJourneyId,ViewerPages,GuidedJourneyId,GuidedJourneys,Id,dbo,dbo
FK_ViewerCustomizations_ViewerPages_ViewerCustomizationId,ViewerPages,ViewerCustomizationId,ViewerCustomizations,Id,dbo,dbo
FK_Projects_VmImports_ProjectId,VmImports,ProjectId,Projects,Id,dbo,dbo
FK_PrototypeVersions_VmImports_PrototypeVersionId,VmImports,PrototypeVersionId,PrototypeVersions,Id,dbo,dbo
FK_Requests_VmImports_ValidationRequestId,VmImports,ValidationRequestId,Requests,Id,dbo,dbo
FK_Users_VmImports_CreatorId,VmImports,CreatorId,Users,Id,dbo,dbo
FK_Users_WebHookSubscriptions_UserId,WebHookSubscriptions,UserId,Users,Id,dbo,dbo
FK_Users_WebSessionAudits_UserId,WebSessionAudits,UserId,Users,Id,dbo,dbo
FK_WebSessionAudits_WebSessionAudits_ImpersonatingSessionAuditId,WebSessionAudits,ImpersonatingSessionAuditId,WebSessionAudits,Id,dbo,dbo
FK_ExternalCloudCredentials_WorkerCommands_ExternalCloudCredentialId,WorkerCommands,ExternalCloudCredentialId,ExternalCloudCredentials,Id,dbo,dbo
FK_ExternalCloudsCreateScripts_WorkerCommands_ExternalCloudsCreateScriptId,WorkerCommands,ExternalCloudsCreateScriptId,ExternalCloudsCreateScripts,Id,dbo,dbo
FK_ExternalResourcesEnvPrototypeVersions_WorkerCommands_ErvinId,WorkerCommands,ErvinId,ExternalResourcesEnvPrototypeVersions,Id,dbo,dbo
FK_WorkerCommands_WorkerCommands_DependsOnId,WorkerCommands,DependsOnId,WorkerCommands,Id,dbo,dbo
