SCHEMA_NAME,TABLE_NAME,INDEX_NAME,INDEX_TYPE,is_unique,is_primary_key,COLUMN_NAME,key_ordinal
dbo,__AudioVideoMigrationHistory,PK___AudioVideoMigrationHistory,CLUSTERED,true,true,MigrationId,1
dbo,ABtestResults,IX_UserId,NONCLUSTERED,false,false,UserId,1
dbo,ABtestResults,PK_ABtestResults,CLUSTERED,true,true,Id,1
dbo,ActionAudits,IX_ActionAudits_DstTemplateId,NONCLUSTERED,false,false,DstTemplateId,1
dbo,ActionAudits,IX_ActionAudits_TemplateId,NONCLUSTERED,false,false,TemplateId,1
dbo,ActionAudits,IX_ActionInt,NONCLUSTERED,false,false,ActionInt,1
dbo,ActionAudits,IX_StudentId,NONCLUSTERED,false,false,StudentId,1
dbo,ActionAudits,PK_ActionAudits,CLUSTERED,true,true,Id,1
dbo,active_backend_id_is_null,PK__active_b__3214EC07C6F6EE94,CLUSTERED,true,true,Id,1
dbo,active_backend_id_is_null_full,PK__active_b__3214EC07AB508684,CLUSTERED,true,true,Id,1
dbo,AudioVideoAttendees,IX_AudioVideoAttendees_AudioVideoMeetingId_UserId,NONCLUSTERED,false,false,AudioVideoMeetingId,1
dbo,AudioVideoAttendees,IX_AudioVideoAttendees_AudioVideoMeetingId_UserId,NONCLUSTERED,false,false,UserId,2
dbo,AudioVideoAttendees,PK_AudioVideoAttendees,CLUSTERED,true,true,Id,1
dbo,AudioVideoMeetings,PK_AudioVideoMeetings,CLUSTERED,true,true,Id,1
dbo,AwsAccountPools,PK_AwsAccountPools,CLUSTERED,true,true,Id,1
dbo,AwsAccountPools,UQ_AwsAccountPools_Name,NONCLUSTERED,true,false,Name,1
dbo,AwsAccountRuns,IX_AwsAccountRuns_AwsAccountId_StartTime_EndTime,NONCLUSTERED,false,false,AwsAccountId,1
dbo,AwsAccountRuns,IX_AwsAccountRuns_AwsAccountId_StartTime_EndTime,NONCLUSTERED,false,false,EndTime,2
dbo,AwsAccountRuns,PK_AwsAccountRuns,CLUSTERED,true,true,Id,1
dbo,AwsAccounts,IX_AwsAccounts_LatestAwsAccountRunId,NONCLUSTERED,false,false,LatestAwsAccountRunId,1
dbo,AwsAccounts,PK_AwsAccounts,CLUSTERED,true,true,Id,1
dbo,BackendControllerOwnerships,IX_IsDeleted,NONCLUSTERED,false,false,IsDeleted,1
dbo,BackendControllerOwnerships,PK_BackendControllerOwnerships,CLUSTERED,true,true,Id,1
dbo,BackendControllerOwnerships,UQ_BackendControllerOwnerships_BIZKEY,NONCLUSTERED,true,false,ControllerTypename,1
dbo,BackendControllerOwnerships,UQ_BackendControllerOwnerships_BIZKEY,NONCLUSTERED,true,false,ControllerId,2
dbo,BackendEnvPreparationAudits,IX_EnvPreparationTypeInt_ReadyTime,NONCLUSTERED,false,false,Id,0
dbo,BackendEnvPreparationAudits,IX_EnvPreparationTypeInt_ReadyTime,NONCLUSTERED,false,false,BackendEnvId,0
dbo,BackendEnvPreparationAudits,IX_EnvPreparationTypeInt_ReadyTime,NONCLUSTERED,false,false,EnvRunId,0
dbo,BackendEnvPreparationAudits,IX_EnvPreparationTypeInt_ReadyTime,NONCLUSTERED,false,false,PreparationStartTime,0
dbo,BackendEnvPreparationAudits,IX_EnvPreparationTypeInt_ReadyTime,NONCLUSTERED,false,false,EnvPreparationTypeInt,1
dbo,BackendEnvPreparationAudits,IX_EnvPreparationTypeInt_ReadyTime,NONCLUSTERED,false,false,ReadyTime,2
dbo,BackendEnvPreparationAudits,IX_EnvRunId,NONCLUSTERED,false,false,PreparationStartTime,0
dbo,BackendEnvPreparationAudits,IX_EnvRunId,NONCLUSTERED,false,false,EnvRunId,1
dbo,BackendEnvPreparationAudits,PK_BackendEnvPreparationAudits,NONCLUSTERED,true,true,Id,1
dbo,BackendEnvs,IX_BackendPrototypeEnvId_EnvId_Includes,NONCLUSTERED,false,false,DeletionApprovalStatusInt,0
dbo,BackendEnvs,IX_BackendPrototypeEnvId_EnvId_Includes,NONCLUSTERED,false,false,Id,0
dbo,BackendEnvs,IX_BackendPrototypeEnvId_EnvId_Includes,NONCLUSTERED,false,false,RegionId,0
dbo,BackendEnvs,IX_BackendPrototypeEnvId_EnvId_Includes,NONCLUSTERED,false,false,BackendPrototypeEnvId,1
dbo,BackendEnvs,IX_BackendPrototypeEnvId_EnvId_Includes,NONCLUSTERED,false,false,EnvId,2
dbo,BackendEnvs,IX_EnvIdDeletionApprovalStatusInt,NONCLUSTERED,false,false,EnvId,1
dbo,BackendEnvs,IX_EnvIdDeletionApprovalStatusInt,NONCLUSTERED,false,false,DeletionApprovalStatusInt,2
dbo,BackendEnvs,PK_BackendEnvs,CLUSTERED,true,true,Id,1
dbo,BackendMachineGroups,IX_CloudletNumber,NONCLUSTERED,false,false,CloudletNumber,1
dbo,BackendMachineGroups,IX_CloudletNumber,NONCLUSTERED,false,false,Id,2
dbo,BackendMachineGroups,IX_LifecycleStatusInt,NONCLUSTERED,false,false,LifecycleStatusInt,1
dbo,BackendMachineGroups,IX_ParentNamePrefix,NONCLUSTERED,false,false,ParentNamePrefix,1
dbo,BackendMachineGroups,PK_BackendMachineGroups,NONCLUSTERED,true,true,Id,1
dbo,BackendMachineGroups,UQ_BackendMachineGroups_NamePrefix,NONCLUSTERED,true,false,NamePrefix,1
dbo,BackendMachineRegionAmis,PK_BackendMachineRegionAmis,CLUSTERED,true,true,Id,1
dbo,BackendMachineRegionAmis,UQ_BackendMachineRegionAmis_BIZKEY,NONCLUSTERED,true,false,BackendAwsMachineId,1
dbo,BackendMachineRegionAmis,UQ_BackendMachineRegionAmis_BIZKEY,NONCLUSTERED,true,false,RegionId,2
dbo,BackendMachines,"<Name of Missing Index, sysname,>",NONCLUSTERED,false,false,LifecycleStatusInt,0
dbo,BackendMachines,"<Name of Missing Index, sysname,>",NONCLUSTERED,false,false,LcFolderPrimary,1
dbo,BackendMachines,IX_BackendMachineGroupId,NONCLUSTERED,false,false,BackendMachineGroupId,1
dbo,BackendMachines,IX_BackendMachines_CloudletNumber,NONCLUSTERED,false,false,Id,0
dbo,BackendMachines,IX_BackendMachines_CloudletNumber,NONCLUSTERED,false,false,VmwareDatastorePath,0
dbo,BackendMachines,IX_BackendMachines_CloudletNumber,NONCLUSTERED,false,false,CloudletNumber,1
dbo,BackendMachines,IX_BackendMachines_CloudletNumber,NONCLUSTERED,false,false,LifecycleStatusInt,2
dbo,BackendMachines,IX_BackendMachines_CloudletNumber,NONCLUSTERED,false,false,MachineTypeInt,3
dbo,BackendMachines,IX_BackendMachines_MachineTypeInt,NONCLUSTERED,false,false,BackendMachineGroupId,0
dbo,BackendMachines,IX_BackendMachines_MachineTypeInt,NONCLUSTERED,false,false,CloudletNumber,0
dbo,BackendMachines,IX_BackendMachines_MachineTypeInt,NONCLUSTERED,false,false,RemoteDisplayAllocation_Port,0
dbo,BackendMachines,IX_BackendMachines_MachineTypeInt,NONCLUSTERED,false,false,MachineTypeInt,1
dbo,BackendMachines,IX_BackendMachines_MachineTypeInt,NONCLUSTERED,false,false,LifecycleStatusInt,2
dbo,BackendMachines,IX_BackendMachines_MachineTypeInt,NONCLUSTERED,false,false,RemoteDisplayAllocation_Token,3
dbo,BackendMachines,IX_BackendMachines_RepointToParentMachineId,NONCLUSTERED,false,false,RepointToParentMachineId,1
dbo,BackendMachines,IX_DeleteTime,NONCLUSTERED,false,false,Id,0
dbo,BackendMachines,IX_DeleteTime,NONCLUSTERED,false,false,MemorySizeMB,0
dbo,BackendMachines,IX_DeleteTime,NONCLUSTERED,false,false,DiskSizeMB,0
dbo,BackendMachines,IX_DeleteTime,NONCLUSTERED,false,false,DeleteTime,1
dbo,BackendMachines,IX_DomainId,NONCLUSTERED,false,false,DomainId,1
dbo,BackendMachines,IX_LifecycleStatus_MachineTypeInt,NONCLUSTERED,false,false,Id,0
dbo,BackendMachines,IX_LifecycleStatus_MachineTypeInt,NONCLUSTERED,false,false,BackendMachineGroupId,0
dbo,BackendMachines,IX_LifecycleStatus_MachineTypeInt,NONCLUSTERED,false,false,DeleteTime,0
dbo,BackendMachines,IX_LifecycleStatus_MachineTypeInt,NONCLUSTERED,false,false,LifecycleStatusInt,1
dbo,BackendMachines,IX_LifecycleStatus_MachineTypeInt,NONCLUSTERED,false,false,MachineTypeInt,2
dbo,BackendMachines,IX_LifecycleStatusInt,NONCLUSTERED,false,false,LifecycleStatusInt,1
dbo,BackendMachines,IX_MainDiskFolderVmwarePath,NONCLUSTERED,false,false,MainDiskFolderVmwarePath,1
dbo,BackendMachines,IX_MemoryFolderVmwarePath,NONCLUSTERED,false,false,MemoryFolderVmwarePath,1
dbo,BackendMachines,IX_OriginalTemplateMachine,NONCLUSTERED,false,false,BackendMachineGroupId,0
dbo,BackendMachines,IX_OriginalTemplateMachine,NONCLUSTERED,false,false,OriginalTemplateMachineId,1
dbo,BackendMachines,IX_ParentMachineId,NONCLUSTERED,false,false,Id,0
dbo,BackendMachines,IX_ParentMachineId,NONCLUSTERED,false,false,ParentMachineId,1
dbo,BackendMachines,IX_ReferencedMemoryFolderVmwarePath,NONCLUSTERED,false,false,ReferencedMemoryFolderVmwarePath,1
dbo,BackendMachines,IX_RepointToMainDiskFolderVmwarePath,NONCLUSTERED,false,false,RepointToMainDiskFolderVmwarePath,0
dbo,BackendMachines,IX_RepointToMainDiskFolderVmwarePath,NONCLUSTERED,false,false,LifecycleStatusInt,1
dbo,BackendMachines,IX_TemplateVersionId,NONCLUSTERED,false,false,TemplateVersionId,1
dbo,BackendMachines,PK_BackendMachines,NONCLUSTERED,true,true,Id,1
dbo,BackendMachines,UQ_BackendMachines_InventoryPath,NONCLUSTERED,true,false,InventoryPath,1
dbo,BackendMachines,UQ_BackendMachines_RemoteDisplayAllocation_Port,NONCLUSTERED,true,false,RemoteDisplayAllocation_Port,1
dbo,BackendMachines,UQ_BackendMachines_RemoteDisplayAllocation_Port,NONCLUSTERED,true,false,CloudletNumber,2
dbo,BackendMachines,UQ_BackendMachines_VmwareDatastorePath,NONCLUSTERED,true,false,VmwareDatastorePath,1
dbo,BackendMachineSharedFolders,PK_BackendMachineSharedFolders,CLUSTERED,true,true,Id,1
dbo,BackendMachineSharedFolders,UQ_BackendMachineSharedFolders_BIZKEY,NONCLUSTERED,true,false,Path,1
dbo,BackendNotifications,IX_DealtWith,NONCLUSTERED,false,false,DealtWith,1
dbo,BackendNotifications,PK_BackendNotifications,NONCLUSTERED,true,true,Id,1
dbo,BackendPrototypeEnvs,PK_BackendPrototypeEnvs,CLUSTERED,true,true,Id,1
dbo,BackendPrototypeRegionConfigs,PK_BackendPrototypeRegionConfigs,CLUSTERED,true,true,Id,1
dbo,BackendPrototypeRegionConfigs,UQ_BackendPrototypeRegionConfigs_BIZKEY,NONCLUSTERED,true,false,PrototypeId,1
dbo,BackendPrototypeRegionConfigs,UQ_BackendPrototypeRegionConfigs_BIZKEY,NONCLUSTERED,true,false,RegionId,2
dbo,Checkpoints,IX_Checkpoints_GuidedJourneySectionId,NONCLUSTERED,false,false,GuidedJourneySectionId,1
dbo,Checkpoints,PK_Checkpoints,CLUSTERED,true,true,Id,1
dbo,ChocolateyPackages,IX_ChocolateyPackages_DownloadCount,NONCLUSTERED,false,false,DownloadCount,1
dbo,ChocolateyPackages,IX_ChocolateyPackages_IsLatestVersion,NONCLUSTERED,false,false,IsLatestVersion,1
dbo,ChocolateyPackages,PK_ChocolateyPackages,CLUSTERED,true,true,Id,1
dbo,ChocolateyPackages,UQ_ChocolateyPackages_BIZKEY,NONCLUSTERED,true,false,IdName,1
dbo,ChocolateyPackages,UQ_ChocolateyPackages_BIZKEY,NONCLUSTERED,true,false,Version,2
dbo,ClassSponsoredLinks,IX_ClassSponsoredLinks_CourseId_StudentEmail,NONCLUSTERED,true,false,CourseId,1
dbo,ClassSponsoredLinks,IX_ClassSponsoredLinks_CourseId_StudentEmail,NONCLUSTERED,true,false,StudentEmail,2
dbo,ClassSponsoredLinks,IX_ClassSponsoredLinks_ShortId,NONCLUSTERED,true,false,ShortId,1
dbo,ClassSponsoredLinks,PK_ClassSponsoredLinks,CLUSTERED,true,true,Id,1
dbo,CloudshareIdentityVerificationMessages,IX_TimeSent_PhoneNumber,NONCLUSTERED,false,false,TimeSent,1
dbo,CloudshareIdentityVerificationMessages,IX_TimeSent_PhoneNumber,NONCLUSTERED,false,false,PhoneNumber,2
dbo,CloudshareIdentityVerificationMessages,IX_UserId,NONCLUSTERED,false,false,UserId,1
dbo,CloudshareIdentityVerificationMessages,PK_CloudshareIdentityVerificationMessages,CLUSTERED,true,true,Id,1
dbo,CloudshareResourcesQuotas,IX_CloudshareResourcesQuotas_ContractId,NONCLUSTERED,false,false,ContractId,1
dbo,CloudshareResourcesQuotas,IX_CloudshareResourcesQuotas_ProjectId,NONCLUSTERED,false,false,ProjectId,1
dbo,CloudshareResourcesQuotas,PK_CloudshareResourcesQuotas,CLUSTERED,true,true,Id,1
dbo,ClusterHosts,PK_ClusterHosts,CLUSTERED,true,true,Id,1
dbo,CommonPasswords,IX_CommonPasswords_Password,NONCLUSTERED,false,false,Password,1
dbo,CommonPasswords,PK_CommonPasswords,CLUSTERED,true,true,Id,1
dbo,ContentFolderMemberships,IX_ContentFolderId,NONCLUSTERED,false,false,ContentFolderId,1
dbo,ContentFolderMemberships,IX_ContentFolderId,NONCLUSTERED,false,false,ValidUntil,2
dbo,ContentFolderMemberships,IX_ContentFolderMemberships_EnvId,NONCLUSTERED,false,false,EnvId,1
dbo,ContentFolderMemberships,PK_ContentFolderMemberships,CLUSTERED,true,true,Id,1
dbo,ContentFolders,IX_ContentFolderProjectId_ValidUntil,NONCLUSTERED,false,false,Id,0
dbo,ContentFolders,IX_ContentFolderProjectId_ValidUntil,NONCLUSTERED,false,false,FolderName,0
dbo,ContentFolders,IX_ContentFolderProjectId_ValidUntil,NONCLUSTERED,false,false,DisplayName,0
dbo,ContentFolders,IX_ContentFolderProjectId_ValidUntil,NONCLUSTERED,false,false,QuotaInMb,0
dbo,ContentFolders,IX_ContentFolderProjectId_ValidUntil,NONCLUSTERED,false,false,LifecycleStatusInt,0
dbo,ContentFolders,IX_ContentFolderProjectId_ValidUntil,NONCLUSTERED,false,false,TypeInt,0
dbo,ContentFolders,IX_ContentFolderProjectId_ValidUntil,NONCLUSTERED,false,false,RowVersion,0
dbo,ContentFolders,IX_ContentFolderProjectId_ValidUntil,NONCLUSTERED,false,false,CreateTime,0
dbo,ContentFolders,IX_ContentFolderProjectId_ValidUntil,NONCLUSTERED,false,false,LastUpdateTime,0
dbo,ContentFolders,IX_ContentFolderProjectId_ValidUntil,NONCLUSTERED,false,false,SanitizeDisplayName,0
dbo,ContentFolders,IX_ContentFolderProjectId_ValidUntil,NONCLUSTERED,false,false,ProjectId,1
dbo,ContentFolders,IX_ContentFolderProjectId_ValidUntil,NONCLUSTERED,false,false,ValidUntil,2
dbo,ContentFolders,IX_ContentFolders_UserId_ValidUntil,NONCLUSTERED,false,false,UserId,1
dbo,ContentFolders,IX_ContentFolders_UserId_ValidUntil,NONCLUSTERED,false,false,ValidUntil,2
dbo,ContentFolders,PK_ContentFolders,CLUSTERED,true,true,Id,1
dbo,ContractAwsAmis,IX_ContractAwsAmis_ContractId,NONCLUSTERED,false,false,ContractId,1
dbo,ContractAwsAmis,PK_ContractAwsAmis,CLUSTERED,true,true,Id,1
dbo,Contracts,PK_Contracts,CLUSTERED,true,true,Id,1
dbo,Contracts_Projects,PK_Contracts_Projects,CLUSTERED,true,true,ContractId,1
dbo,Contracts_Projects,PK_Contracts_Projects,CLUSTERED,true,true,ProjectId,2
dbo,Contracts_Users,PK_Contracts_Users,CLUSTERED,true,true,ContractId,1
dbo,Contracts_Users,PK_Contracts_Users,CLUSTERED,true,true,UserId,2
dbo,ContractsTerms,PK_ContractsTerms,CLUSTERED,true,true,Id,1
dbo,CourseMeetings,IX_CourseMeetings_CourseId,NONCLUSTERED,false,false,CourseId,1
dbo,CourseMeetings,PK_CourseMeetings,CLUSTERED,true,true,Id,1
dbo,CoursePredictions,Course_Predictions_IX_Class_Id,NONCLUSTERED,false,false,ClassId,1
dbo,CoursePredictions,PK_CoursePredictions,CLUSTERED,true,true,Id,1
dbo,CourseRegions,IX_CourseRegions_CourseId,NONCLUSTERED,false,false,CourseId,1
dbo,CourseRegions,PK_CourseRegions,CLUSTERED,true,true,Id,1
dbo,CourseRegions,UQ_CourseRegions_BIZKEY,NONCLUSTERED,true,false,CourseId,1
dbo,CourseRegions,UQ_CourseRegions_BIZKEY,NONCLUSTERED,true,false,RegionId,2
dbo,CourseRegions,UQ_CourseRegions_BIZKEY,NONCLUSTERED,true,false,ValidUntil,3
dbo,Courses,IX_Courses_CreatorId,NONCLUSTERED,false,false,CreatorId,1
dbo,Courses,IX_Courses_EndDate_Inc_Id_ValidUntil_StartDate_PrototypeId_RegionId,NONCLUSTERED,false,false,Id,0
dbo,Courses,IX_Courses_EndDate_Inc_Id_ValidUntil_StartDate_PrototypeId_RegionId,NONCLUSTERED,false,false,ValidUntil,0
dbo,Courses,IX_Courses_EndDate_Inc_Id_ValidUntil_StartDate_PrototypeId_RegionId,NONCLUSTERED,false,false,StartDate,0
dbo,Courses,IX_Courses_EndDate_Inc_Id_ValidUntil_StartDate_PrototypeId_RegionId,NONCLUSTERED,false,false,PrototypeId,0
dbo,Courses,IX_Courses_EndDate_Inc_Id_ValidUntil_StartDate_PrototypeId_RegionId,NONCLUSTERED,false,false,RegionId,0
dbo,Courses,IX_Courses_EndDate_Inc_Id_ValidUntil_StartDate_PrototypeId_RegionId,NONCLUSTERED,false,false,EndDate,1
dbo,Courses,IX_Courses_EnvironmentPolicyId,NONCLUSTERED,false,false,EnvironmentPolicyId,1
dbo,Courses,IX_Courses_LeadInstructorId,NONCLUSTERED,false,false,LeadInstructorId,1
dbo,Courses,IX_Courses_OriginalCourseId,NONCLUSTERED,false,false,OriginalCourseId,1
dbo,Courses,IX_Courses_PrototypeId,NONCLUSTERED,false,false,PrototypeId,1
dbo,Courses,IX_Courses_RegionId,NONCLUSTERED,false,false,RegionId,1
dbo,Courses,IX_Courses_SsoConnectorId,NONCLUSTERED,false,false,SsoConnectorId,1
dbo,Courses,IX_Courses_TeamId,NONCLUSTERED,false,false,TeamId,1
dbo,Courses,IX_Courses_ViewerCustomizationId,NONCLUSTERED,false,false,ViewerCustomizationId,1
dbo,Courses,PK_Courses,CLUSTERED,true,true,Id,1
dbo,CourseStages,IX_CourseStages_CourseId,NONCLUSTERED,false,false,CourseId,1
dbo,CourseStages,IX_CourseStages_PrototypeId,NONCLUSTERED,false,false,PrototypeId,1
dbo,CourseStages,PK_CourseStages,CLUSTERED,true,true,Id,1
dbo,CustomEmails,IX_CustomEmails_ProjectId,NONCLUSTERED,false,false,ProjectId,1
dbo,CustomEmails,PK_CustomEmails,CLUSTERED,true,true,Id,1
dbo,CustomFieldDefinitions,IX_CustomFieldDefinitions_TrainingSettingsId,NONCLUSTERED,false,false,TrainingSettingsId,1
dbo,CustomFieldDefinitions,PK_CustomFieldDefinitions,CLUSTERED,true,true,Id,1
dbo,CustomFieldValues,IX_CustomFieldValues_CourseId,NONCLUSTERED,false,false,CourseId,1
dbo,CustomFieldValues,IX_CustomFieldValues_CustomFieldDefinitionId,NONCLUSTERED,false,false,CustomFieldDefinitionId,1
dbo,CustomFieldValues,PK_CustomFieldValues,CLUSTERED,true,true,Id,1
dbo,DcmTotalResources,PK_DcmTotalResources,NONCLUSTERED,true,true,Id,1
dbo,DeleteEnvRequests,PK_DeleteEnvRequests,CLUSTERED,true,true,Id,1
dbo,DeprovisionSteps,PK_DeprovisionSteps,CLUSTERED,true,true,Id,1
dbo,EditMachineOperationsAdditionalData,PK_EditMachineOperationsAdditionalData,CLUSTERED,true,true,Id,1
dbo,EndUserLoginCustomizations,IX_EndUserLoginCustomizations_ViewerCustomizationId,NONCLUSTERED,false,false,ViewerCustomizationId,1
dbo,EndUserLoginCustomizations,PK_EndUserLoginCustomizations,CLUSTERED,true,true,Id,1
dbo,EndUsersAccessPermissions,IX_EndUsersAccessPermissions_CourseId,NONCLUSTERED,false,false,CourseId,1
dbo,EndUsersAccessPermissions,IX_EndUsersAccessPermissions_ProjectId,NONCLUSTERED,false,false,ProjectId,1
dbo,EndUsersAccessPermissions,PK_EndUsersAccessPermissions,CLUSTERED,true,true,Id,1
dbo,EnvBenvAssignments,PK_EnvBenvAssignments,CLUSTERED,true,true,Id,1
dbo,EnvBenvAssignments,UQ_EnvBenvAssignments_BenvId,NONCLUSTERED,true,false,BenvId,1
dbo,EnvBillingOperations,IX_EnvBillingOperations_EffectiveFrom_EffectiveUntil,NONCLUSTERED,false,false,EntAppEnvId,0
dbo,EnvBillingOperations,IX_EnvBillingOperations_EffectiveFrom_EffectiveUntil,NONCLUSTERED,false,false,EnvironmentPolicyId,0
dbo,EnvBillingOperations,IX_EnvBillingOperations_EffectiveFrom_EffectiveUntil,NONCLUSTERED,false,false,EffectiveFrom,1
dbo,EnvBillingOperations,IX_EnvBillingOperations_EffectiveFrom_EffectiveUntil,NONCLUSTERED,false,false,EffectiveUntil,2
dbo,EnvBillingOperations,IX_EnvBillingOperations_EntAppEnvId,NONCLUSTERED,false,false,EntAppEnvId,1
dbo,EnvBillingOperations,IX_EnvBillingOperations_EnvironmentPolicyId,NONCLUSTERED,false,false,EnvironmentPolicyId,1
dbo,EnvBillingOperations,PK_EnvBillingOperations,CLUSTERED,true,true,Id,1
dbo,EnvBillingOperations,UQ_EnvBillingOperations_BIZKEY,NONCLUSTERED,true,false,EntAppEnvId,1
dbo,EnvBillingOperations,UQ_EnvBillingOperations_BIZKEY,NONCLUSTERED,true,false,EffectiveFrom,2
dbo,EnvironmentPolicies,IX_AllowCreateEnvWithoutEnterpriseInvitation_ValidUntil_Id_ResourcePackageName,NONCLUSTERED,false,false,Id,1
dbo,EnvironmentPolicies,IX_AllowCreateEnvWithoutEnterpriseInvitation_ValidUntil_Id_ResourcePackageName,NONCLUSTERED,false,false,ValidUntil,2
dbo,EnvironmentPolicies,IX_AllowCreateEnvWithoutEnterpriseInvitation_ValidUntil_Id_ResourcePackageName,NONCLUSTERED,false,false,AllowCreateEnvWithoutEnterpriseInvitation,3
dbo,EnvironmentPolicies,IX_AllowCreateEnvWithoutEnterpriseInvitation_ValidUntil_Id_ResourcePackageName,NONCLUSTERED,false,false,ResourcePackage_Name,4
dbo,EnvironmentPolicies,IX_ManyColumns_ForCreateEnv,NONCLUSTERED,false,false,AllowCreateEnvWithoutEnterpriseInvitation,1
dbo,EnvironmentPolicies,IX_ManyColumns_ForCreateEnv,NONCLUSTERED,false,false,ValidUntil,2
dbo,EnvironmentPolicies,IX_ManyColumns_ForCreateEnv,NONCLUSTERED,false,false,Id,3
dbo,EnvironmentPolicies,IX_ManyColumns_ForCreateEnv,NONCLUSTERED,false,false,ResourcePackage_Name,4
dbo,EnvironmentPolicies,IX_ProjectId_Inc_ValidUntil,NONCLUSTERED,false,false,ValidUntil,0
dbo,EnvironmentPolicies,IX_ProjectId_Inc_ValidUntil,NONCLUSTERED,false,false,ProjectId,1
dbo,EnvironmentPolicies,IX_UNIQUE_CLUSTERED_Id,CLUSTERED,true,false,Id,1
dbo,EnvironmentPolicies,PK_EnvironmentPolicies,NONCLUSTERED,true,false,Id,1
dbo,EnvOperationAudits,IX_EnvId_EnvOperationInt,NONCLUSTERED,false,false,EnvId,1
dbo,EnvOperationAudits,IX_EnvId_EnvOperationInt,NONCLUSTERED,false,false,EnvOperationInt,2
dbo,EnvOperationAudits,IX_EnvOperationAudits_HomePageChart,NONCLUSTERED,false,false,Id,0
dbo,EnvOperationAudits,IX_EnvOperationAudits_HomePageChart,NONCLUSTERED,false,false,EnvId,0
dbo,EnvOperationAudits,IX_EnvOperationAudits_HomePageChart,NONCLUSTERED,false,false,EnvOperationInt,1
dbo,EnvOperationAudits,IX_EnvOperationAudits_HomePageChart,NONCLUSTERED,false,false,CreateTime,2
dbo,EnvOperationAudits,IX_EnvOperationAudits_ResetMachineRequestId,NONCLUSTERED,false,false,Id,0
dbo,EnvOperationAudits,IX_EnvOperationAudits_ResetMachineRequestId,NONCLUSTERED,false,false,EnvOperationInt,0
dbo,EnvOperationAudits,IX_EnvOperationAudits_ResetMachineRequestId,NONCLUSTERED,false,false,ResetMachineRequestId,1
dbo,EnvOperationAudits,IX_EnvOperationInt,NONCLUSTERED,false,false,Id,0
dbo,EnvOperationAudits,IX_EnvOperationInt,NONCLUSTERED,false,false,WebSessionAuditId,0
dbo,EnvOperationAudits,IX_EnvOperationInt,NONCLUSTERED,false,false,StartTime,0
dbo,EnvOperationAudits,IX_EnvOperationInt,NONCLUSTERED,false,false,LastActiveTime,0
dbo,EnvOperationAudits,IX_EnvOperationInt,NONCLUSTERED,false,false,ActiveTimeInSeconds,0
dbo,EnvOperationAudits,IX_EnvOperationInt,NONCLUSTERED,false,false,EnvOperationInt,1
dbo,EnvOperationAudits,IX_StartTime_EnvOperationInt_EnvId_WebSessionAuditId,NONCLUSTERED,false,false,StartTime,1
dbo,EnvOperationAudits,IX_StartTime_EnvOperationInt_EnvId_WebSessionAuditId,NONCLUSTERED,false,false,EnvOperationInt,2
dbo,EnvOperationAudits,IX_StartTime_EnvOperationInt_EnvId_WebSessionAuditId,NONCLUSTERED,false,false,EnvId,3
dbo,EnvOperationAudits,IX_StartTime_EnvOperationInt_EnvId_WebSessionAuditId,NONCLUSTERED,false,false,WebSessionAuditId,4
dbo,EnvOperationAudits,IX_WebSessionAuditId_EnvOperationInt,NONCLUSTERED,false,false,EnvOperationInt,0
dbo,EnvOperationAudits,IX_WebSessionAuditId_EnvOperationInt,NONCLUSTERED,false,false,StartTime,0
dbo,EnvOperationAudits,IX_WebSessionAuditId_EnvOperationInt,NONCLUSTERED,false,false,LastActiveTime,0
dbo,EnvOperationAudits,IX_WebSessionAuditId_EnvOperationInt,NONCLUSTERED,false,false,WebSessionAuditId,1
dbo,EnvOperationAudits,PK_EnvOperationAudits,NONCLUSTERED,true,true,Id,1
dbo,EnvProjectRoles,IX_EnvProjectRoles_ProjectId,NONCLUSTERED,false,false,ProjectId,1
dbo,EnvProjectRoles,IX_EnvProjectRoles_ProjectId,NONCLUSTERED,false,false,ValidUntil,2
dbo,EnvProjectRoles,PK_EnvProjectRoles,CLUSTERED,true,true,Id,1
dbo,EnvProjectRoles,UQ_EnvProjectRoles_BIZKEY,NONCLUSTERED,true,false,EnvId,1
dbo,EnvProjectRoles,UQ_EnvProjectRoles_BIZKEY,NONCLUSTERED,true,false,ProjectId,2
dbo,EnvProjectRoles,UQ_EnvProjectRoles_BIZKEY,NONCLUSTERED,true,false,ValidUntil,3
dbo,EnvResourceAudits,IX_EnvId_Time,NONCLUSTERED,true,false,EnvId,1
dbo,EnvResourceAudits,IX_EnvId_Time,NONCLUSTERED,true,false,Time,2
dbo,EnvResourceAudits,IX_Id,NONCLUSTERED,true,false,Id,1
dbo,EnvResourceAudits,IX_Time,NONCLUSTERED,false,false,Resources_DiskSizeMB,0
dbo,EnvResourceAudits,IX_Time,NONCLUSTERED,false,false,Resources_CpuCount,0
dbo,EnvResourceAudits,IX_Time,NONCLUSTERED,false,false,Resources_MemorySizeMB,0
dbo,EnvResourceAudits,IX_Time,NONCLUSTERED,false,false,Time,1
dbo,EnvResourceAudits,IX_Time,NONCLUSTERED,false,false,EnvId,2
dbo,EnvResourceAudits,IX_ValidFrom,NONCLUSTERED,false,false,EnvId,0
dbo,EnvResourceAudits,IX_ValidFrom,NONCLUSTERED,false,false,ValidFrom,1
dbo,EnvResourceAudits,PK_EnvResourceAudits,CLUSTERED,true,false,EnvId,1
dbo,EnvResourceAudits,PK_EnvResourceAudits,CLUSTERED,true,false,ValidFrom,2
dbo,EnvResourceAudits,PK_EnvResourceAudits,CLUSTERED,true,false,ValidUntil,3
dbo,EnvRuns,IX_EndTime,NONCLUSTERED,false,false,EndTime,1
dbo,EnvRuns,IX_EnvId_Start_End_Time,NONCLUSTERED,false,false,EndTime,0
dbo,EnvRuns,IX_EnvId_Start_End_Time,NONCLUSTERED,false,false,StartTime,0
dbo,EnvRuns,IX_EnvId_Start_End_Time,NONCLUSTERED,false,false,EnvId,1
dbo,EnvRuns,IX_Id,NONCLUSTERED,true,false,Id,1
dbo,EnvRuns,IX_StartTime,NONCLUSTERED,false,false,EnvId,0
dbo,EnvRuns,IX_StartTime,NONCLUSTERED,false,false,EndTime,0
dbo,EnvRuns,IX_StartTime,NONCLUSTERED,false,false,StartTime,1
dbo,EnvRuns,PK_EnvRuns,CLUSTERED,true,false,EnvId,1
dbo,EnvRuns,PK_EnvRuns,CLUSTERED,true,false,StartTime,2
dbo,EnvRuns,PK_EnvRuns,CLUSTERED,true,false,EndTime,3
dbo,Envs,"<Name of Missing Index, sysname,>",NONCLUSTERED,false,false,UserProjectId,0
dbo,Envs,"<Name of Missing Index, sysname,>",NONCLUSTERED,false,false,Metadata_Description,0
dbo,Envs,"<Name of Missing Index, sysname,>",NONCLUSTERED,false,false,CreateTime,1
dbo,Envs,IX_ActiveBackendEnvId_Inc,NONCLUSTERED,false,false,Id,0
dbo,Envs,IX_ActiveBackendEnvId_Inc,NONCLUSTERED,false,false,ActiveBackendEnvId,1
dbo,Envs,IX_EndTime,NONCLUSTERED,false,false,EndTime,1
dbo,Envs,IX_EnvCreationFailureInt_EndTime_Id,NONCLUSTERED,false,false,UserProjectId,0
dbo,Envs,IX_EnvCreationFailureInt_EndTime_Id,NONCLUSTERED,false,false,ActiveBackendEnvId,0
dbo,Envs,IX_EnvCreationFailureInt_EndTime_Id,NONCLUSTERED,false,false,ReadyTime,0
dbo,Envs,IX_EnvCreationFailureInt_EndTime_Id,NONCLUSTERED,false,false,EnvTypeInt,0
dbo,Envs,IX_EnvCreationFailureInt_EndTime_Id,NONCLUSTERED,false,false,HasEditsUnseenByBackend,0
dbo,Envs,IX_EnvCreationFailureInt_EndTime_Id,NONCLUSTERED,false,false,EnvCreationFailureInt,1
dbo,Envs,IX_EnvCreationFailureInt_EndTime_Id,NONCLUSTERED,false,false,EndTime,2
dbo,Envs,IX_EnvCreationFailureInt_EndTime_Id,NONCLUSTERED,false,false,Id,3
dbo,Envs,IX_Envs_CourseId,NONCLUSTERED,false,false,CourseId,1
dbo,Envs,IX_Envs_DeleteRequestId,NONCLUSTERED,false,false,DeleteRequestId,1
dbo,Envs,IX_Envs_EnvCreationFailureInt_ActiveBackendEnvId,NONCLUSTERED,false,false,Id,0
dbo,Envs,IX_Envs_EnvCreationFailureInt_ActiveBackendEnvId,NONCLUSTERED,false,false,EndTime,0
dbo,Envs,IX_Envs_EnvCreationFailureInt_ActiveBackendEnvId,NONCLUSTERED,false,false,EnvTypeInt,0
dbo,Envs,IX_Envs_EnvCreationFailureInt_ActiveBackendEnvId,NONCLUSTERED,false,false,EnvCreationFailureInt,1
dbo,Envs,IX_Envs_EnvCreationFailureInt_ActiveBackendEnvId,NONCLUSTERED,false,false,ActiveBackendEnvId,2
dbo,Envs,IX_Envs_LatestEnvironmentPolicyId,NONCLUSTERED,false,false,LatestEnvironmentPolicyId,1
dbo,Envs,IX_Envs_LatestEnvRunId,NONCLUSTERED,false,false,LatestEnvRunId,1
dbo,Envs,IX_Envs_ParentPrototypeVersionForMachinesId,NONCLUSTERED,false,false,ParentPrototypeVersionForMachinesId,1
dbo,Envs,IX_Envs_ParentPrototypeVersionForUiId,NONCLUSTERED,false,false,ParentPrototypeVersionForUiId,1
dbo,Envs,IX_Envs_PrototypeId,NONCLUSTERED,false,false,PrototypeId,1
dbo,Envs,IX_Envs_RegionId,NONCLUSTERED,false,false,RegionId,1
dbo,Envs,IX_Envs_ViewerCustomizationId,NONCLUSTERED,false,false,ViewerCustomizationId,1
dbo,Envs,IX_Envs_WebSessionAuditId,NONCLUSTERED,false,false,WebSessionAuditId,1
dbo,Envs,IX_EnvTypeInt,NONCLUSTERED,false,false,Id,0
dbo,Envs,IX_EnvTypeInt,NONCLUSTERED,false,false,OwnerId,0
dbo,Envs,IX_EnvTypeInt,NONCLUSTERED,false,false,UserProjectId,0
dbo,Envs,IX_EnvTypeInt,NONCLUSTERED,false,false,EnvTypeInt,1
dbo,Envs,IX_EnvTypeInt_SearchEntAppInv,NONCLUSTERED,false,false,Id,0
dbo,Envs,IX_EnvTypeInt_SearchEntAppInv,NONCLUSTERED,false,false,CreateTime,0
dbo,Envs,IX_EnvTypeInt_SearchEntAppInv,NONCLUSTERED,false,false,UserProjectId,0
dbo,Envs,IX_EnvTypeInt_SearchEntAppInv,NONCLUSTERED,false,false,EnvTypeInt,1
dbo,Envs,IX_Id,NONCLUSTERED,true,false,Id,1
dbo,Envs,IX_OwnerId,NONCLUSTERED,false,false,OwnerId,1
dbo,Envs,IX_TeamId,NONCLUSTERED,false,false,Id,0
dbo,Envs,IX_TeamId,NONCLUSTERED,false,false,TeamId,1
dbo,Envs,IX_UserProjectId,NONCLUSTERED,false,false,UserProjectId,1
dbo,Envs,PK_Envs,CLUSTERED,true,false,StartTime,1
dbo,Envs,PK_Envs,CLUSTERED,true,false,EndTime,2
dbo,Envs,PK_Envs,CLUSTERED,true,false,Id,3
dbo,EnvTemplates,IX_EnvTemplates_EntAppPrototypeId,NONCLUSTERED,false,false,EntAppPrototypeId,1
dbo,EnvTemplates,PK_EnvTemplates,CLUSTERED,true,true,Id,1
dbo,EnvUserRoles,IX_EnvUserRoles_UserId,NONCLUSTERED,false,false,UserId,1
dbo,EnvUserRoles,IX_EnvUserRoles_UserId,NONCLUSTERED,false,false,ValidUntil,2
dbo,EnvUserRoles,PK_EnvUserRoles,CLUSTERED,true,true,Id,1
dbo,EnvUserRoles,UQ_EnvUserRoles_BIZKEY,NONCLUSTERED,true,false,EnvId,1
dbo,EnvUserRoles,UQ_EnvUserRoles_BIZKEY,NONCLUSTERED,true,false,UserId,2
dbo,EnvUserRoles,UQ_EnvUserRoles_BIZKEY,NONCLUSTERED,true,false,ValidUntil,3
dbo,ExpiryNotificationTypes,PK_ExpiryNotificationTypes,CLUSTERED,true,true,Id,1
dbo,ExpiryNotificationTypes,UQ_ExpiryNotifications_BIZKEY,NONCLUSTERED,true,false,ForEntityTypeInt,1
dbo,ExpiryNotificationTypes,UQ_ExpiryNotifications_BIZKEY,NONCLUSTERED,true,false,Name,2
dbo,ExternalCloudCredentials,PK_ExternalCloudCredentials,CLUSTERED,true,true,Id,1
dbo,ExternalCloudCredentials,UQ_ExternalCloudCredentials_SingleCredentialPerContractCloudType,NONCLUSTERED,true,false,ExternalCloudId,1
dbo,ExternalCloudCredentials,UQ_ExternalCloudCredentials_SingleCredentialPerContractCloudType,NONCLUSTERED,true,false,ContractId,2
dbo,ExternalClouds,PK_ExternalClouds,CLUSTERED,true,true,Id,1
dbo,ExternalCloudsCreateScripts,PK_ExternalCloudsCreateScripts,CLUSTERED,true,true,Id,1
dbo,ExternalCloudVms,IX_ExternalCloudVms_ErvinId,NONCLUSTERED,false,false,ExternalResourcesEnvPrototypeVersionId,1
dbo,ExternalCloudVms,IX_ExternalCloudVms_Name,NONCLUSTERED,false,false,Name,1
dbo,ExternalCloudVms,PK_ExternalCloudVms,CLUSTERED,true,true,Id,1
dbo,ExternallyPayingSubscriptionsInvoices,PK_ExternallyPayingSubscriptionsInvoices,CLUSTERED,true,true,Id,1
dbo,ExternalResourcesEnvPrototypeVersions,IX_ExternalResourcesEnvPrototypeVersions_EntAppEnvId,NONCLUSTERED,false,false,EntAppEnvId,1
dbo,ExternalResourcesEnvPrototypeVersions,IX_ExternalResourcesEnvPrototypeVersions_GcpProjectId,NONCLUSTERED,false,false,GcpProjectId,1
dbo,ExternalResourcesEnvPrototypeVersions,IX_ExternalResourcesEnvPrototypeVersions_PrototypeVersionId,NONCLUSTERED,false,false,PrototypeVersionId,1
dbo,ExternalResourcesEnvPrototypeVersions,IX_ExternalResourcesEnvPrototypeVersions_ValidUntil,NONCLUSTERED,false,false,ValidUntil,1
dbo,ExternalResourcesEnvPrototypeVersions,PK_ExternalResourcesEnvPrototypeVersions,CLUSTERED,true,true,Id,1
dbo,ExternalResourcesParameters,PK_ExternalResourcesParameters,CLUSTERED,true,true,Id,1
dbo,ExternalResourcesQuotas,IX_ExternalResourcesQuotas_ContractId,NONCLUSTERED,false,false,ContractId,1
dbo,ExternalResourcesQuotas,IX_ExternalResourcesQuotas_ProjectId,NONCLUSTERED,false,false,ProjectId,1
dbo,ExternalResourcesQuotas,PK_ExternalResourcesQuotas,CLUSTERED,true,true,Id,1
dbo,FastUploadFolders,PK_FastUploadFolders,CLUSTERED,true,true,Id,1
dbo,FastUploadFolders,UQ_FastUploadFolders_BIZKEY,NONCLUSTERED,true,false,UserId,1
dbo,FastUploadFolders,UQ_FastUploadFolders_BIZKEY,NONCLUSTERED,true,false,ParentName,2
dbo,FastUploadFolders,UQ_FastUploadFolders_BIZKEY,NONCLUSTERED,true,false,FolderName,3
dbo,FastUploadFolders,UQ_FastUploadFolders_BIZKEY,NONCLUSTERED,true,false,ValidUntil,4
dbo,FinishedWelcomeTours,IX_FinishedWelcomeTours_UserId,NONCLUSTERED,false,false,UserId,1
dbo,FinishedWelcomeTours,PK_FinishedWelcomeTours,CLUSTERED,true,true,Id,1
dbo,FixPayments,PK_FixPayments_Id,NONCLUSTERED,true,false,Id,1
dbo,GuestOsIdentifiers,PK__GuestOsI__3214EC07EDC318CA,CLUSTERED,true,true,Id,1
dbo,GuidedJourneyChapters,IX_GuidedJourneyChapters_GuidedJourneyId,NONCLUSTERED,false,false,GuidedJourneyId,1
dbo,GuidedJourneyChapters,PK_GuidedJourneyChapters,CLUSTERED,true,true,Id,1
dbo,GuidedJourneys,PK_GuidedJourneys,CLUSTERED,true,true,Id,1
dbo,GuidedJourneySectionProgresses,IX_GuidedJourneySectionProgresses_CorrelationId,NONCLUSTERED,false,false,CorrelationId,1
dbo,GuidedJourneySectionProgresses,IX_GuidedJourneySectionProgresses_CourseId,NONCLUSTERED,false,false,CourseId,1
dbo,GuidedJourneySectionProgresses,IX_GuidedJourneySectionProgresses_EnvId,NONCLUSTERED,false,false,GuidedJourneySectionId,0
dbo,GuidedJourneySectionProgresses,IX_GuidedJourneySectionProgresses_EnvId,NONCLUSTERED,false,false,ValidUntil,0
dbo,GuidedJourneySectionProgresses,IX_GuidedJourneySectionProgresses_EnvId,NONCLUSTERED,false,false,EnvId,1
dbo,GuidedJourneySectionProgresses,PK_GuidedJourneySectionProgresses,CLUSTERED,true,true,Id,1
dbo,GuidedJourneySections,IX_GuidedJourneySections_ActiveCheckpointId,NONCLUSTERED,false,false,ActiveCheckpointId,1
dbo,GuidedJourneySections,IX_GuidedJourneySections_CorrelationId,NONCLUSTERED,false,false,CorrelationId,1
dbo,GuidedJourneySections,IX_GuidedJourneySections_GuidedJourneyChapterId,NONCLUSTERED,false,false,GuidedJourneyChapterId,1
dbo,GuidedJourneySections,PK_GuidedJourneySections,CLUSTERED,true,true,Id,1
dbo,IdRanges,PK__IdRanges__C41E028802F25272,CLUSTERED,true,true,Key,1
dbo,Instructors,IX_Instructors_CourseId,NONCLUSTERED,false,false,CourseId,1
dbo,Instructors,IX_Instructors_VendorUserProjectId,NONCLUSTERED,false,false,VendorUserProjectId,1
dbo,Instructors,PK_Instructors,CLUSTERED,true,true,Id,1
dbo,Invitations,IX_Invitations_ProjectTeamId,NONCLUSTERED,false,false,Id,0
dbo,Invitations,IX_Invitations_ProjectTeamId,NONCLUSTERED,false,false,ProjectTeamId,1
dbo,Invitations,IX_Invitations_VendorId,NONCLUSTERED,false,false,Id,0
dbo,Invitations,IX_Invitations_VendorId,NONCLUSTERED,false,false,VendorId,1
dbo,Invitations,IX_InvitationType,NONCLUSTERED,false,false,AcceptedByEupId,0
dbo,Invitations,IX_InvitationType,NONCLUSTERED,false,false,AcceptedByVupId,0
dbo,Invitations,IX_InvitationType,NONCLUSTERED,false,false,InvitationTypeInt,1
dbo,Invitations,IX_InvitationType,NONCLUSTERED,false,false,SentByUserId,2
dbo,Invitations,IX_InvitationTypeInt_CreateTime,NONCLUSTERED,false,false,Id,0
dbo,Invitations,IX_InvitationTypeInt_CreateTime,NONCLUSTERED,false,false,RandomToken,0
dbo,Invitations,IX_InvitationTypeInt_CreateTime,NONCLUSTERED,false,false,SentByUserId,0
dbo,Invitations,IX_InvitationTypeInt_CreateTime,NONCLUSTERED,false,false,SentToEmail,0
dbo,Invitations,IX_InvitationTypeInt_CreateTime,NONCLUSTERED,false,false,ExpiresBy,0
dbo,Invitations,IX_InvitationTypeInt_CreateTime,NONCLUSTERED,false,false,RowVersion,0
dbo,Invitations,IX_InvitationTypeInt_CreateTime,NONCLUSTERED,false,false,LastUpdateTime,0
dbo,Invitations,IX_InvitationTypeInt_CreateTime,NONCLUSTERED,false,false,SentToFirstName,0
dbo,Invitations,IX_InvitationTypeInt_CreateTime,NONCLUSTERED,false,false,SentToLastName,0
dbo,Invitations,IX_InvitationTypeInt_CreateTime,NONCLUSTERED,false,false,AcceptedByVupId,0
dbo,Invitations,IX_InvitationTypeInt_CreateTime,NONCLUSTERED,false,false,ProjectTeamId,0
dbo,Invitations,IX_InvitationTypeInt_CreateTime,NONCLUSTERED,false,false,UserLevelInt,0
dbo,Invitations,IX_InvitationTypeInt_CreateTime,NONCLUSTERED,false,false,WebRequestId,0
dbo,Invitations,IX_InvitationTypeInt_CreateTime,NONCLUSTERED,false,false,WebSessionAuditId,0
dbo,Invitations,IX_InvitationTypeInt_CreateTime,NONCLUSTERED,false,false,TurnToAccountManager,0
dbo,Invitations,IX_InvitationTypeInt_CreateTime,NONCLUSTERED,false,false,InvitationTypeInt,1
dbo,Invitations,IX_InvitationTypeInt_CreateTime,NONCLUSTERED,false,false,CreateTime,2
dbo,Invitations,PK_Invitations,CLUSTERED,true,true,Id,1
dbo,Invitations,UQ_Invitations_BIZKEY,NONCLUSTERED,true,false,RandomToken,1
dbo,IpAllocationAudits,PK_IpAllocationAudits,CLUSTERED,true,true,Id,1
dbo,IsoFileRegions,IX_IsoFileRegions_IsoFileStatusInt,NONCLUSTERED,false,false,IsoFileStatusInt,1
dbo,IsoFileRegions,PK_IsoFileRegions,CLUSTERED,true,true,Id,1
dbo,IsoFileRegions,UQ_IsoFileRegions_BIZKEY,NONCLUSTERED,true,false,IsoFileId,1
dbo,IsoFileRegions,UQ_IsoFileRegions_BIZKEY,NONCLUSTERED,true,false,RegionId,2
dbo,IsoFiles,PK_IsoFiles,CLUSTERED,true,true,Id,1
dbo,IsoFiles_Projects,PK_IsoFiles_Projects,CLUSTERED,true,true,IsoFileId,1
dbo,IsoFiles_Projects,PK_IsoFiles_Projects,CLUSTERED,true,true,ProjectId,2
dbo,Jobs,PK_Jobs,NONCLUSTERED,true,true,Id,1
dbo,JobTypes,PK_JobTypes,NONCLUSTERED,true,true,Id,1
dbo,JobTypesParameters,PK_JobTypesParameters,NONCLUSTERED,true,true,Id,1
dbo,LmsIntegrations,PK_LmsIntegrations,CLUSTERED,true,true,Id,1
dbo,longreads,PK__longread__AAAC09D849786DD9,CLUSTERED,true,true,RowNumber,1
dbo,LtiConfigurations,IX_LtiConfigurations_CourseId,NONCLUSTERED,true,false,CourseId,1
dbo,LtiConfigurations,IX_LtiConfigurations_PlatformId_ClientId_DeploymentId,NONCLUSTERED,true,false,PlatformId,1
dbo,LtiConfigurations,IX_LtiConfigurations_PlatformId_ClientId_DeploymentId,NONCLUSTERED,true,false,ClientId,2
dbo,LtiConfigurations,IX_LtiConfigurations_PlatformId_ClientId_DeploymentId,NONCLUSTERED,true,false,DeploymentId,3
dbo,LtiConfigurations,PK_LtiConfigurations,CLUSTERED,true,true,Id,1
dbo,MachineDomains,IX_DomainControllerId,NONCLUSTERED,false,false,DomainControllerId,1
dbo,MachineDomains,IX_IsDeleted,NONCLUSTERED,false,false,IsDeleted,1
dbo,MachineDomains,PK_MachineDomains,CLUSTERED,true,true,Id,1
dbo,MachineInstanceTypes,PK_MachineInstanceTypes,CLUSTERED,true,true,Id,1
dbo,Machines,IX_BackendMachineId,NONCLUSTERED,false,false,BackendMachineId,1
dbo,Machines,IX_EnvId,NONCLUSTERED,false,false,BackendMachineId,0
dbo,Machines,IX_EnvId,NONCLUSTERED,false,false,EnvId,1
dbo,Machines,IX_Machines_IsRemovedFromEnv,NONCLUSTERED,false,false,Id,0
dbo,Machines,IX_Machines_IsRemovedFromEnv,NONCLUSTERED,false,false,EnvId,0
dbo,Machines,IX_Machines_IsRemovedFromEnv,NONCLUSTERED,false,false,IsRemovedFromEnv,1
dbo,Machines,IX_PrototypeVersionId,NONCLUSTERED,false,false,PrototypeVersionId,1
dbo,Machines,PK_Machines,NONCLUSTERED,true,true,Id,1
dbo,MachineScriptRuns,IX_IsDeleted_Machine,NONCLUSTERED,false,false,MachineId,1
dbo,MachineScriptRuns,IX_IsDeleted_Machine,NONCLUSTERED,false,false,IsDeleted,2
dbo,MachineScriptRuns,PK_MachineScriptRuns,CLUSTERED,true,true,Id,1
dbo,MachineUsers,IX_DomainId,NONCLUSTERED,false,false,DomainId,1
dbo,MachineUsers,IX_MachineId,NONCLUSTERED,false,false,MachineId,1
dbo,MachineUsers,PK_MachineUsers,CLUSTERED,true,true,Id,1
dbo,MachineVanityNames,IX_MachineVanityNames_BackendMachineId,NONCLUSTERED,false,false,BackendMachineId,1
dbo,MachineVanityNames,IX_MachineVanityNames_MachineId_VanityName,NONCLUSTERED,false,false,VanityName,0
dbo,MachineVanityNames,IX_MachineVanityNames_MachineId_VanityName,NONCLUSTERED,false,false,MachineId,1
dbo,MachineVanityNames,IX_VANITY_NAMES,NONCLUSTERED,false,false,Id,0
dbo,MachineVanityNames,IX_VANITY_NAMES,NONCLUSTERED,false,false,MachineId,0
dbo,MachineVanityNames,IX_VANITY_NAMES,NONCLUSTERED,false,false,IsVanityUrl,1
dbo,MachineVanityNames,IX_VANITY_NAMES,NONCLUSTERED,false,false,ValidUntil,2
dbo,MachineVanityNames,PK_MachineVanityNames,CLUSTERED,true,true,Id,1
dbo,MachineVanityNames,UQ_MachineVanityNames_BIZKEY,NONCLUSTERED,true,false,VanityName,1
dbo,MachineVanityNames,UQ_MachineVanityNames_BIZKEY,NONCLUSTERED,true,false,ValidUntil,2
dbo,MarketingPanes,PK_MarketingPanes,CLUSTERED,true,true,Id,1
dbo,MessageGroupViewAudits,IX_MessageGroupViewAudits_GroupId_GroupType,NONCLUSTERED,false,false,MessageGroupTypeInt,1
dbo,MessageGroupViewAudits,IX_MessageGroupViewAudits_GroupId_GroupType,NONCLUSTERED,false,false,MessageGroupId,2
dbo,MessageGroupViewAudits,IX_MessageGroupViewAudits_Time,NONCLUSTERED,false,false,Time,1
dbo,MessageGroupViewAudits,IX_MessageGroupViewAudits_ViewerId_ViewerType,NONCLUSTERED,false,false,ViewerTypeInt,1
dbo,MessageGroupViewAudits,IX_MessageGroupViewAudits_ViewerId_ViewerType,NONCLUSTERED,false,false,ViewerId,2
dbo,MessageGroupViewAudits,PK_MessageGroupViewAudits,CLUSTERED,true,true,Id,1
dbo,Messages,IX_Messages_Guid,NONCLUSTERED,false,false,Guid,1
dbo,Messages,IX_Messages_MessageGroupId_MessageGroupTypeInt,NONCLUSTERED,false,false,MessageGroupId,1
dbo,Messages,IX_Messages_MessageGroupId_MessageGroupTypeInt,NONCLUSTERED,false,false,MessageGroupTypeInt,2
dbo,Messages,PK_Messages,CLUSTERED,true,true,Id,1
dbo,NetAdapters,IX_BackendMachineId,NONCLUSTERED,false,false,BackendMachineId,1
dbo,NetAdapters,IX_IsDeleted,NONCLUSTERED,false,false,IsDeleted,1
dbo,NetAdapters,IX_NetAdapters_NetworkId,NONCLUSTERED,false,false,NetworkId,1
dbo,NetAdapters,IX_NetAdapters_NetworkId,NONCLUSTERED,false,false,IsDeleted,2
dbo,NetAdapters,PK_NetAdapters,NONCLUSTERED,true,true,Id,1
dbo,NetAdapters,UQ_NetAdapters_ExternalIP,NONCLUSTERED,true,false,ExternalIP,1
dbo,NetAdapters,UQ_NetAdapters_ExternalIP_RegionId,NONCLUSTERED,true,false,ExternalIP,1
dbo,NetAdapters,UQ_NetAdapters_ExternalIP_RegionId,NONCLUSTERED,true,false,RegionId,2
dbo,Networks,IX_BackendMachineGroupId,NONCLUSTERED,false,false,BackendMachineGroupId,1
dbo,Networks,IX_IsDeleted,NONCLUSTERED,false,false,IsDeleted,1
dbo,Networks,PK_Networks,NONCLUSTERED,true,true,Id,1
dbo,Networks,UQ_Networks_AllocatedVlan_VlanPoolName_RegionId,NONCLUSTERED,true,false,AllocatedVlan,1
dbo,Networks,UQ_Networks_AllocatedVlan_VlanPoolName_RegionId,NONCLUSTERED,true,false,VlanPoolName,2
dbo,Networks,UQ_Networks_AllocatedVlan_VlanPoolName_RegionId,NONCLUSTERED,true,false,RegionId,3
dbo,NonBusinessEmailDomains,PK_NonBusinessEmailDomains,CLUSTERED,true,true,Id,1
dbo,OsFamilies,PK__OsFamili__3214EC0753A885CB,CLUSTERED,true,true,Id,1
dbo,Permalinks,PK_Permalinks,CLUSTERED,true,true,Id,1
dbo,Permalinks,UQ_Permalinks_BIZKEY,NONCLUSTERED,true,false,Token,1
dbo,Permalinks,UQ_Permalinks_Permalink,NONCLUSTERED,true,false,ProjectId,1
dbo,Permalinks,UQ_Permalinks_Permalink,NONCLUSTERED,true,false,EnvironmentPolicyId,2
dbo,Permalinks,UQ_Permalinks_Permalink,NONCLUSTERED,true,false,PrototypeVersionId,3
dbo,Permalinks,UQ_Permalinks_Permalink,NONCLUSTERED,true,false,RegionId,4
dbo,Pipelines,PK_Pipelines,NONCLUSTERED,true,true,Id,1
dbo,PipelinesInstances,PK_PipelinesInstances,NONCLUSTERED,true,true,Id,1
dbo,PredictorTrainings,PK_PredictorTrainings,CLUSTERED,true,true,Id,1
dbo,PredictorTrainings,UQ_PredictorTrainings_BIZKEY,NONCLUSTERED,true,false,TrainDate,1
dbo,ProjectIpRestrictions,PK_ProjectIpRestrictions,CLUSTERED,true,true,Id,1
dbo,ProjectPrototypes,PK_ProjectPrototypes,CLUSTERED,true,true,Id,1
dbo,ProjectPrototypes,UQ_ProjectPrototypes_BIZKEY,NONCLUSTERED,true,false,ProjectId,1
dbo,ProjectPrototypes,UQ_ProjectPrototypes_BIZKEY,NONCLUSTERED,true,false,PrototypeId,2
dbo,ProjectPrototypes,UQ_ProjectPrototypes_BIZKEY,NONCLUSTERED,true,false,ValidUntil,3
dbo,Projects,IX_Projects_CreatorId,NONCLUSTERED,false,false,CreatorId,1
dbo,Projects,IX_Projects_LatestContractId,NONCLUSTERED,false,false,LatestContractId,1
dbo,Projects,IX_Projects_ProjectFlagsId,NONCLUSTERED,false,false,ProjectFlagsId,1
dbo,Projects,IX_Projects_SharedEnvMemId,NONCLUSTERED,false,false,SharedEnvMemId,1
dbo,Projects,IX_Projects_TrainingSettingsId,NONCLUSTERED,false,false,TrainingSettingsId,1
dbo,Projects,IX_Projects_ValidUntil,NONCLUSTERED,false,false,ValidUntil,1
dbo,Projects,PK_Projects,CLUSTERED,true,true,Id,1
dbo,Projects,UQ_Projects_BIZKEY,NONCLUSTERED,true,false,UniqueToken,1
dbo,Projects,UQ_Projects_BIZKEY,NONCLUSTERED,true,false,ValidUntil,2
dbo,ProjectsFeatureFlags,PK_ProjectsFeatureFlags,CLUSTERED,true,true,Id,1
dbo,ProjectsFeatureFlags,UQ_ProjectsFeatureFlags_SingleFeaturePerProject,NONCLUSTERED,true,false,FeatureFlagEnumInt,1
dbo,ProjectsFeatureFlags,UQ_ProjectsFeatureFlags_SingleFeaturePerProject,NONCLUSTERED,true,false,ProjectId,2
dbo,ProjectsFlags,PK_ProjectsFlags,CLUSTERED,true,true,Id,1
dbo,ProjectTeams,PK_ProjectTeams,CLUSTERED,true,true,Id,1
dbo,ProjectTeams,UQ_ProjectTeams_BIZKEY,NONCLUSTERED,true,false,ProjectId,1
dbo,ProjectTeams,UQ_ProjectTeams_BIZKEY,NONCLUSTERED,true,false,Name,2
dbo,ProjectTeams,UQ_ProjectTeams_BIZKEY,NONCLUSTERED,true,false,ValidUntil,3
dbo,Prototypes,IX_OwnerId,NONCLUSTERED,false,false,OwnerId,1
dbo,Prototypes,IX_Prototypes_BillingProjectPrototypeId,NONCLUSTERED,false,false,BillingProjectPrototypeId,1
dbo,Prototypes,IX_Prototypes_DefaultVersionId,NONCLUSTERED,false,false,DefaultVersionId,1
dbo,Prototypes,IX_TypeInt_ValidUntil_Id,NONCLUSTERED,false,false,TypeInt,1
dbo,Prototypes,IX_TypeInt_ValidUntil_Id,NONCLUSTERED,false,false,ValidUntil,2
dbo,Prototypes,IX_TypeInt_ValidUntil_Id,NONCLUSTERED,false,false,Id,3
dbo,Prototypes,PK_Prototypes,CLUSTERED,true,true,Id,1
dbo,Prototypes,UQ_Prototypes_BIZKEY,NONCLUSTERED,true,false,UniqueToken,1
dbo,Prototypes,UQ_Prototypes_BIZKEY,NONCLUSTERED,true,false,ValidUntil,2
dbo,PrototypeVersions,IX_CreateTime_ValidUntil,NONCLUSTERED,false,false,PrototypeId,0
dbo,PrototypeVersions,IX_CreateTime_ValidUntil,NONCLUSTERED,false,false,Resources_DiskSizeMB,0
dbo,PrototypeVersions,IX_CreateTime_ValidUntil,NONCLUSTERED,false,false,Resources_CpuCount,0
dbo,PrototypeVersions,IX_CreateTime_ValidUntil,NONCLUSTERED,false,false,Resources_MemorySizeMB,0
dbo,PrototypeVersions,IX_CreateTime_ValidUntil,NONCLUSTERED,false,false,CreateTime,1
dbo,PrototypeVersions,IX_CreateTime_ValidUntil,NONCLUSTERED,false,false,ValidUntil,2
dbo,PrototypeVersions,IX_PrototypeVersions_ViewerCustomizationId,NONCLUSTERED,false,false,ViewerCustomizationId,1
dbo,PrototypeVersions,PK_PrototypeVersions,CLUSTERED,true,true,Id,1
dbo,PrototypeVersions,UQ_PrototypeVersions_BIZKEY,NONCLUSTERED,true,false,PrototypeId,1
dbo,PrototypeVersions,UQ_PrototypeVersions_BIZKEY,NONCLUSTERED,true,false,Version_Number,2
dbo,PrototypeVersionsRegions,IX_LifecycleStatusInt,NONCLUSTERED,false,false,LifecycleStatusInt,1
dbo,PrototypeVersionsRegions,IX_LifecycleStatusInt,NONCLUSTERED,false,false,PrototypeVersionId,2
dbo,PrototypeVersionsRegions,PK_PrototypeVersionsRegions,CLUSTERED,true,true,Id,1
dbo,PrototypeVersionsRegions,UQ_PrototypeVersionsRegions_BIZKEY,NONCLUSTERED,true,false,PrototypeVersionId,1
dbo,PrototypeVersionsRegions,UQ_PrototypeVersionsRegions_BIZKEY,NONCLUSTERED,true,false,RegionId,2
dbo,PrototypeVersionsRegions,UQ_PrototypeVersionsRegions_BIZKEY,NONCLUSTERED,true,false,ValidUntil,3
dbo,Regions,PK_Regions,CLUSTERED,true,true,Id,1
dbo,RemoteAccessSettings,PK_RemoteAccessSettings,CLUSTERED,true,true,Id,1
dbo,Requests,IX_BenvId_RequestTypeInt>,NONCLUSTERED,false,false,Id,0
dbo,Requests,IX_BenvId_RequestTypeInt>,NONCLUSTERED,false,false,BackendEnvId,0
dbo,Requests,IX_BenvId_RequestTypeInt>,NONCLUSTERED,false,false,RequestTypeInt,1
dbo,Requests,IX_EnvId_RequestTypeInt,NONCLUSTERED,false,false,EnvId,1
dbo,Requests,IX_EnvId_RequestTypeInt,NONCLUSTERED,false,false,RequestTypeInt,2
dbo,Requests,IX_NewBackendEnvId_Inc_RequestLifecycleStatusInt,NONCLUSTERED,false,false,RequestLifecycleStatusInt,0
dbo,Requests,IX_NewBackendEnvId_Inc_RequestLifecycleStatusInt,NONCLUSTERED,false,false,NewBackendEnvId,1
dbo,Requests,IX_RequestLifecycleStatusInt,NONCLUSTERED,false,false,RequestLifecycleStatusInt,1
dbo,Requests,IX_Requests_BackendMachineId,NONCLUSTERED,false,false,BackendMachineId,1
dbo,Requests,IX_Requests_BackendMachineId,NONCLUSTERED,false,false,RequestTypeInt,2
dbo,Requests,IX_Requests_BackendMachineId,NONCLUSTERED,false,false,RequestLifecycleStatusInt,3
dbo,Requests,IX_Requests_EnvId_ValidUntil,NONCLUSTERED,false,false,EnvId,1
dbo,Requests,IX_Requests_EnvId_ValidUntil,NONCLUSTERED,false,false,ValidUntil,2
dbo,Requests,IX_Requests_ImportIntoExistingBackendMachineId,NONCLUSTERED,false,false,ImportIntoExistingBackendMachineId,1
dbo,Requests,IX_Requests_OriginalRequestId,NONCLUSTERED,false,false,OriginalRequestId,1
dbo,Requests,IX_Requests_RequestedMachineId,NONCLUSTERED,false,false,RequestedMachineId,1
dbo,Requests,IX_Requests_SourceBackendMachineId,NONCLUSTERED,false,false,SourceBackendMachineId,1
dbo,Requests,IX_Requests_StartAfterRequestNewId,NONCLUSTERED,false,false,StartAfterRequestNewId,1
dbo,Requests,IX_Requests_UIMachineId,NONCLUSTERED,false,false,UIMachineId,1
dbo,Requests,IX_Requests_UIMachineId,NONCLUSTERED,false,false,ValidUntil,2
dbo,Requests,IX_StartAfterRequestId,NONCLUSTERED,false,false,StartAfterRequestId,1
dbo,Requests,IX_UserId,NONCLUSTERED,false,false,UserId,1
dbo,Requests,PK_Requests,NONCLUSTERED,true,true,Id,1
dbo,RoleBasedPermissions,PK_RoleBasedPermissions,CLUSTERED,true,true,Id,1
dbo,RoleBasedPermissions,UQ_RoleBasedPermissions_SinglePermissionPerProject,NONCLUSTERED,true,false,ProjectId,1
dbo,RoleBasedPermissions,UQ_RoleBasedPermissions_SinglePermissionPerProject,NONCLUSTERED,true,false,PermissionEnumInt,2
dbo,ServiceNotifications,PK_ServiceNotifications,CLUSTERED,true,true,Id,1
dbo,SharedEnvMemberships,PK_SharedEnvMemberships,CLUSTERED,true,true,Id,1
dbo,SharedEnvMemSubEnvs,PK_SharedEnvMemSubEnvs,CLUSTERED,true,true,Id,1
dbo,SharedNetworkNetAdapters,PK_SharedNetworkNetAdapters,CLUSTERED,true,true,Id,1
dbo,SlackWebhooks,PK_SlackWebhooks,CLUSTERED,true,true,Id,1
dbo,SponsoredEnvTokens,IX_EnvId,NONCLUSTERED,false,false,EnvId,1
dbo,SponsoredEnvTokens,PK_SponsoredEnvTokens,CLUSTERED,true,true,Id,1
dbo,SponsoredEnvTokens,UQ_SponsoredEnvTokens_Token,NONCLUSTERED,true,false,Token,1
dbo,SsoConnectors,PK_SsoConnectors,CLUSTERED,true,true,Id,1
dbo,SsoConnectors_Projects,PK_SsoConnectors_Projects,CLUSTERED,true,true,ProjectId,1
dbo,SsoConnectors_Projects,PK_SsoConnectors_Projects,CLUSTERED,true,true,SsoConnectorId,2
dbo,Stages,PK_Stages,NONCLUSTERED,true,true,Id,1
dbo,StagesInstances,PK_StagesInstances,NONCLUSTERED,true,true,Id,1
dbo,StorageSettings,PK_StorageSettings,CLUSTERED,true,true,Id,1
dbo,StorageSettingsProjects,PK_StorageSettingsProjects,CLUSTERED,true,true,Id,1
dbo,StorageSettingsProjects,UQ_StorageSettingsProjects_BIZKEY,NONCLUSTERED,true,false,ProjectId,1
dbo,StorageSettingsProjects,UQ_StorageSettingsProjects_BIZKEY,NONCLUSTERED,true,false,StorageSettingId,2
dbo,StorageSettingsProjects,UQ_StorageSettingsProjects_BIZKEY,NONCLUSTERED,true,false,ValidUntil,3
dbo,Students,PK_Students,CLUSTERED,true,true,Id,1
dbo,Students,UQ_Students_BIZKEY,NONCLUSTERED,true,false,CourseId,1
dbo,Students,UQ_Students_BIZKEY,NONCLUSTERED,true,false,Email,2
dbo,SubjectImages,PK_SubjectImages,CLUSTERED,true,true,Id,1
dbo,sysdiagrams,PK__sysdiagr__C2B05B613BA2617C,CLUSTERED,true,true,diagram_id,1
dbo,sysdiagrams,UK_principal_name,NONCLUSTERED,true,false,principal_id,1
dbo,sysdiagrams,UK_principal_name,NONCLUSTERED,true,false,name,2
dbo,TemplateCategories,PK_TemplateCategories,CLUSTERED,true,true,Id,1
dbo,TemplateImages,PK_TemplateImages,CLUSTERED,true,true,Id,1
dbo,Templates,PK_Templates,CLUSTERED,true,true,Id,1
dbo,Templates,UQ_Templates_BIZKEY,NONCLUSTERED,true,false,Name,1
dbo,Templates,UQ_Templates_BIZKEY,NONCLUSTERED,true,false,DeleteRequestTime,2
dbo,TemplateVersions,IX_TemplateVersions_MachineId,NONCLUSTERED,false,false,MachineId,1
dbo,TemplateVersions,PK_TemplateVersions,NONCLUSTERED,true,true,Id,1
dbo,TemplateVersions,UQ_TemplateVersions_Version,NONCLUSTERED,true,false,VersionNumber,1
dbo,TemplateVersions,UQ_TemplateVersions_Version,NONCLUSTERED,true,false,TemplateId,2
dbo,TemplateVersionsRegions,PK_TemplateVersionsRegions,CLUSTERED,true,true,Id,1
dbo,TemplateVersionsRegions,UQ_TemplateVersionsRegions_BIZKEY,NONCLUSTERED,true,false,TemplateVersionId,1
dbo,TemplateVersionsRegions,UQ_TemplateVersionsRegions_BIZKEY,NONCLUSTERED,true,false,RegionId,2
dbo,TemplateVersionsRegions,UQ_TemplateVersionsRegions_BIZKEY,NONCLUSTERED,true,false,ValidUntil,3
dbo,TimeZoneInfo,PK_TimeZoneInfo,CLUSTERED,true,true,Id,1
dbo,TrainingSettings,PK_TrainingSettings,CLUSTERED,true,true,Id,1
dbo,TransferJobs,PK_TransferJobs,CLUSTERED,true,true,Id,1
dbo,TransferJobsCloudStorageCopyRequests,PK_TransferJobsCloudStorageCopyRequests,CLUSTERED,true,true,Id,1
dbo,UserEnvStudents,IX_UserEnvStudents_EnvId,NONCLUSTERED,false,false,EnvId,1
dbo,UserEnvStudents,IX_UserEnvStudents_StudentId,NONCLUSTERED,false,false,StudentId,1
dbo,UserEnvStudents,PK_UserEnvStudents,CLUSTERED,true,true,Id,1
dbo,UserEnvStudents,UQ_UserEnvStudents_BIZKEY,NONCLUSTERED,true,false,UserId,1
dbo,UserEnvStudents,UQ_UserEnvStudents_BIZKEY,NONCLUSTERED,true,false,EnvId,2
dbo,UserEnvStudents,UQ_UserEnvStudents_BIZKEY,NONCLUSTERED,true,false,ValidUntil,3
dbo,UserFavorites,IX_UserFavorites_UserId,NONCLUSTERED,false,false,UserId,1
dbo,UserFavorites,PK_UserFavorites,CLUSTERED,true,true,Id,1
dbo,UserFavorites,UQ_UserFavorites_BIZKEY,NONCLUSTERED,true,false,UserId,1
dbo,UserFavorites,UQ_UserFavorites_BIZKEY,NONCLUSTERED,true,false,FavoriteItem,2
dbo,UserFeatureViews,PK_UserFeatureViews,CLUSTERED,true,true,Id,1
dbo,UserFeatureViews,UQ_UserFeatureViews_BIZKEY,NONCLUSTERED,true,false,UserId,1
dbo,UserFeatureViews,UQ_UserFeatureViews_BIZKEY,NONCLUSTERED,true,false,FeatureTypeInt,2
dbo,UserNotifications,IX_CloudFolderRequestId,NONCLUSTERED,false,false,CloudFolderRequestId,1
dbo,UserNotifications,PK_UserNotifications,CLUSTERED,true,true,Id,1
dbo,UserNotifications,UQ_UserNotifications_BIZKEY,NONCLUSTERED,true,false,UserId,1
dbo,UserNotifications,UQ_UserNotifications_BIZKEY,NONCLUSTERED,true,false,RequestTypeInt,2
dbo,UserNotifications,UQ_UserNotifications_BIZKEY,NONCLUSTERED,true,false,RequestId,3
dbo,UserOAuthAccessTokens,PK_UserOAuthAccessTokens,CLUSTERED,true,true,Id,1
dbo,Users,IX_Users_ApiId,NONCLUSTERED,true,false,ApiKey,0
dbo,Users,IX_Users_ApiId,NONCLUSTERED,true,false,ApiId,1
dbo,Users,IX_Users_ApiId_All,NONCLUSTERED,false,false,ApiId,1
dbo,Users,PK_Users,CLUSTERED,true,true,Id,1
dbo,Users,UQ_Users_BIZKEY,NONCLUSTERED,true,false,Email,1
dbo,Users_ContractFolders,PK_Users_ContractFolders,CLUSTERED,true,true,ContractId,1
dbo,Users_ContractFolders,PK_Users_ContractFolders,CLUSTERED,true,true,UserId,2
dbo,UsersProjects,IX_Id_UserId,NONCLUSTERED,false,false,Id,1
dbo,UsersProjects,IX_Id_UserId,NONCLUSTERED,false,false,UserId,2
dbo,UsersProjects,IX_Id_VendorId,NONCLUSTERED,false,false,Id,1
dbo,UsersProjects,IX_Id_VendorId,NONCLUSTERED,false,false,VendorId,2
dbo,UsersProjects,IX_ManyColumns_ForCreateEnv,NONCLUSTERED,false,false,ProjectId,1
dbo,UsersProjects,IX_ManyColumns_ForCreateEnv,NONCLUSTERED,false,false,ValidUntil,2
dbo,UsersProjects,IX_ManyColumns_ForCreateEnv,NONCLUSTERED,false,false,UserLevelInt,3
dbo,UsersProjects,IX_ManyColumns_ForCreateEnv,NONCLUSTERED,false,false,UserId,4
dbo,UsersProjects,IX_ManyColumns_ForCreateEnv,NONCLUSTERED,false,false,OwningSEId,5
dbo,UsersProjects,IX_ManyColumns_ForCreateEnv,NONCLUSTERED,false,false,EnvironmentPolicyId,6
dbo,UsersProjects,IX_ManyColumns_ForCreateEnv,NONCLUSTERED,false,false,Id,7
dbo,UsersProjects,IX_ManyColumns_ForCreateEnv,NONCLUSTERED,false,false,VendorId,8
dbo,UsersProjects,IX_ProjectId_Id_VendorId_UserId_OwningSEId,NONCLUSTERED,false,false,ProjectId,1
dbo,UsersProjects,IX_ProjectId_Id_VendorId_UserId_OwningSEId,NONCLUSTERED,false,false,Id,2
dbo,UsersProjects,IX_ProjectId_Id_VendorId_UserId_OwningSEId,NONCLUSTERED,false,false,VendorId,3
dbo,UsersProjects,IX_ProjectId_Id_VendorId_UserId_OwningSEId,NONCLUSTERED,false,false,UserId,4
dbo,UsersProjects,IX_ProjectId_Id_VendorId_UserId_OwningSEId,NONCLUSTERED,false,false,OwningSEId,5
dbo,UsersProjects,IX_TypeInt,NONCLUSTERED,false,false,TypeInt,1
dbo,UsersProjects,IX_UserId_ProjectId_ValidUntil,CLUSTERED,false,false,UserId,1
dbo,UsersProjects,IX_UserId_ProjectId_ValidUntil,CLUSTERED,false,false,ProjectId,2
dbo,UsersProjects,IX_UserId_ProjectId_ValidUntil,CLUSTERED,false,false,ValidUntil,3
dbo,UsersProjects,IX_UserId_ProjectId_ValidUntil,CLUSTERED,false,false,UserLevelInt,4
dbo,UsersProjects,IX_UserLevelInt_ValidUntil,NONCLUSTERED,false,false,Id,0
dbo,UsersProjects,IX_UserLevelInt_ValidUntil,NONCLUSTERED,false,false,EnvironmentPolicyId,0
dbo,UsersProjects,IX_UserLevelInt_ValidUntil,NONCLUSTERED,false,false,UserLevelInt,1
dbo,UsersProjects,IX_UserLevelInt_ValidUntil,NONCLUSTERED,false,false,ValidUntil,2
dbo,UsersProjects,IX_ValidUntil,NONCLUSTERED,false,false,Id,0
dbo,UsersProjects,IX_ValidUntil,NONCLUSTERED,false,false,UserLevelInt,0
dbo,UsersProjects,IX_ValidUntil,NONCLUSTERED,false,false,VendorId,0
dbo,UsersProjects,IX_ValidUntil,NONCLUSTERED,false,false,ValidUntil,1
dbo,UsersProjects,IX_ValidUntil2,NONCLUSTERED,false,false,ProjectId,0
dbo,UsersProjects,IX_ValidUntil2,NONCLUSTERED,false,false,UserLevelInt,0
dbo,UsersProjects,IX_ValidUntil2,NONCLUSTERED,false,false,VendorId,0
dbo,UsersProjects,IX_ValidUntil2,NONCLUSTERED,false,false,OwningSEId,0
dbo,UsersProjects,IX_ValidUntil2,NONCLUSTERED,false,false,EnvironmentPolicyId,0
dbo,UsersProjects,IX_ValidUntil2,NONCLUSTERED,false,false,ValidUntil,1
dbo,UsersProjects,PK_UsersProjects,NONCLUSTERED,true,true,Id,1
dbo,UsersProjectsDefaultTeams,PK_UsersProjectsDefaultTeam,CLUSTERED,true,true,Id,1
dbo,VanityNameWords,PK_VanityNameWords,CLUSTERED,true,true,Id,1
dbo,VanityNameWords,UQ_VanityNameWords_BIZKEY,NONCLUSTERED,true,false,VanityName,1
dbo,VanityNameWords,UQ_VanityNameWords_BIZKEY,NONCLUSTERED,true,false,VanityUrlTypeInt,2
dbo,ViewerCustomizations,PK_ViewerCustomizations,CLUSTERED,true,true,Id,1
dbo,ViewerPages,IX_ViewerPages_GuidedJourneyId,NONCLUSTERED,false,false,GuidedJourneyId,1
dbo,ViewerPages,IX_ViewerPages_ViewerCustomizationId,NONCLUSTERED,false,false,ViewerCustomizationId,1
dbo,ViewerPages,PK_ViewerPages,CLUSTERED,true,true,Id,1
dbo,VmImports,PK_VmImports,CLUSTERED,true,true,Id,1
dbo,VmwareApiVersions,PK__VmwareAp__3214EC073C47D340,CLUSTERED,true,true,Id,1
dbo,VVisionLearnRequests,PK_VVisionLearnRequests,CLUSTERED,true,true,Id,1
dbo,WebHookSubscriptions,IX_WebHookSubscriptions_EventTypeInt,NONCLUSTERED,false,false,EventTypeInt,1
dbo,WebHookSubscriptions,IX_WebHookSubscriptions_UserId,NONCLUSTERED,false,false,UserId,1
dbo,WebHookSubscriptions,PK_WebHookSubscriptions,CLUSTERED,true,true,Id,1
dbo,WebHookSubscriptions,UQ_WebHookSubscriptions_TargetUrl,NONCLUSTERED,true,false,TargetUrl,1
dbo,WebSessionAudits,IX_LoginTime,NONCLUSTERED,false,false,Id,0
dbo,WebSessionAudits,IX_LoginTime,NONCLUSTERED,false,false,UserId,0
dbo,WebSessionAudits,IX_LoginTime,NONCLUSTERED,false,false,SessionId,0
dbo,WebSessionAudits,IX_LoginTime,NONCLUSTERED,false,false,ClientIP_Byte1,0
dbo,WebSessionAudits,IX_LoginTime,NONCLUSTERED,false,false,ClientIP_Byte2,0
dbo,WebSessionAudits,IX_LoginTime,NONCLUSTERED,false,false,ClientIP_Byte3,0
dbo,WebSessionAudits,IX_LoginTime,NONCLUSTERED,false,false,ClientIP_Byte4,0
dbo,WebSessionAudits,IX_LoginTime,NONCLUSTERED,false,false,LoginTime,1
dbo,WebSessionAudits,IX_LoginTime_Id_UserId_LastActiveTime,NONCLUSTERED,false,false,LoginTime,1
dbo,WebSessionAudits,IX_LoginTime_Id_UserId_LastActiveTime,NONCLUSTERED,false,false,Id,2
dbo,WebSessionAudits,IX_LoginTime_Id_UserId_LastActiveTime,NONCLUSTERED,false,false,UserId,3
dbo,WebSessionAudits,IX_LoginTime_Id_UserId_LastActiveTime,NONCLUSTERED,false,false,LastActiveTime,4
dbo,WebSessionAudits,IX_ProviderName,NONCLUSTERED,false,false,Id,0
dbo,WebSessionAudits,IX_ProviderName,NONCLUSTERED,false,false,UserId,0
dbo,WebSessionAudits,IX_ProviderName,NONCLUSTERED,false,false,LastActiveTime,0
dbo,WebSessionAudits,IX_ProviderName,NONCLUSTERED,false,false,ProviderName,1
dbo,WebSessionAudits,IX_UserId,NONCLUSTERED,false,false,Id,0
dbo,WebSessionAudits,IX_UserId,NONCLUSTERED,false,false,LoginTime,0
dbo,WebSessionAudits,IX_UserId,NONCLUSTERED,false,false,UserId,1
dbo,WebSessionAudits,IX_UserId_Id,NONCLUSTERED,false,false,UserId,1
dbo,WebSessionAudits,IX_UserId_Id,NONCLUSTERED,false,false,Id,2
dbo,WebSessionAudits,PK_WebSessionAudits,NONCLUSTERED,true,true,Id,1
dbo,WorkerCommands,IX_WorkerCommands_CommandTypeInt,NONCLUSTERED,false,false,CommandTypeInt,1
dbo,WorkerCommands,IX_WorkerCommands_ErvinId,NONCLUSTERED,false,false,ErvinId,1
dbo,WorkerCommands,IX_WorkerCommands_LifecycleStatusInt,NONCLUSTERED,false,false,LifecycleStatusInt,1
dbo,WorkerCommands,PK_WorkerCommands,CLUSTERED,true,true,Id,1
dbo,WorkerCommands,UQ_WorkerCommands_CreateTime,NONCLUSTERED,false,false,CreateTime,1
dbo,WorkerCommands,UQ_WorkerCommands_DependsOnId,NONCLUSTERED,false,false,DependsOnId,1
dbo,WorkerCommands,UQ_WorkerCommands_DependsOnTransactionId,NONCLUSTERED,false,false,DependsOnTransactionId,1
dbo,WorkerCommands,UQ_WorkerCommands_TransactionId,NONCLUSTERED,false,false,TransactionId,1
